NodeID,Y,Z,Displacement,Stress_L1,Stress_L2,Stress_L4
2,100,-100,2.68E-02,1.81E+00,8.22E-01,4.27E+00
3,100.001,-93.3337,3.74E-02,1.91E+00,8.95E-01,4.44E+00
4,100.001,-86.6671,4.79E-02,1.98E+00,9.02E-01,4.57E+00
5,100.001,-80.0004,5.81E-02,2.04E+00,8.65E-01,4.66E+00
6,100.002,-73.3336,6.76E-02,2.08E+00,8.01E-01,4.68E+00
7,100.002,-66.667,7.63E-02,2.11E+00,7.20E-01,4.63E+00
8,100.002,-60.0002,8.41E-02,2.11E+00,6.26E-01,4.51E+00
9,100.003,-53.3335,9.07E-02,2.07E+00,5.23E-01,4.32E+00
10,100.003,-46.6668,9.60E-02,1.97E+00,4.09E-01,4.05E+00
11,100.003,-40,9.98E-02,1.82E+00,2.95E-01,3.71E+00
12,100.003,-33.3333,1.02E-01,1.63E+00,2.36E-01,3.31E+00
13,100.003,-26.6666,1.02E-01,1.39E+00,2.24E-01,2.88E+00
14,100.003,-19.9998,1.01E-01,1.15E+00,2.16E-01,2.44E+00
15,100.003,-13.333,9.77E-02,9.13E-01,2.60E-01,2.01E+00
16,100.003,-6.66638,9.31E-02,7.07E-01,3.42E-01,1.62E+00
17,100.003,0.000315203,8.73E-02,5.56E-01,3.92E-01,1.28E+00
18,100.003,6.66698,8.05E-02,4.72E-01,3.98E-01,1.00E+00
19,100.002,13.3336,7.32E-02,4.30E-01,3.58E-01,7.96E-01
20,100.002,20.0003,6.55E-02,4.04E-01,2.79E-01,6.60E-01
21,100.002,26.6669,5.76E-02,3.85E-01,1.70E-01,5.88E-01
22,100.002,33.3335,4.98E-02,3.77E-01,9.38E-02,5.63E-01
23,100.001,40.0001,4.22E-02,3.84E-01,1.51E-01,5.67E-01
24,100.001,46.6667,3.49E-02,4.02E-01,3.07E-01,5.85E-01
25,100.001,53.3333,2.80E-02,4.16E-01,4.73E-01,6.01E-01
26,100,59.9999,2.16E-02,4.14E-01,6.37E-01,6.00E-01
27,100,66.6665,1.59E-02,3.90E-01,7.92E-01,5.74E-01
28,100,73.3331,1.09E-02,3.42E-01,9.35E-01,5.22E-01
29,99.9998,79.9997,6.82E-03,2.72E-01,1.06E+00,4.44E-01
30,99.9997,86.6663,3.62E-03,1.87E-01,1.17E+00,3.51E-01
31,99.9996,93.3329,1.37E-03,1.06E-01,1.25E+00,2.58E-01
32,99.9996,99.9996,4.50E-05,6.95E-02,1.35E+00,1.91E-01
33,93.3329,99.9996,1.37E-03,1.06E-01,1.26E+00,2.58E-01
34,86.6663,99.9997,3.63E-03,1.86E-01,1.17E+00,3.50E-01
35,79.9997,99.9998,6.83E-03,2.71E-01,1.06E+00,4.43E-01
36,73.3331,100,1.09E-02,3.41E-01,9.37E-01,5.21E-01
37,66.6665,100,1.59E-02,3.89E-01,7.95E-01,5.73E-01
38,59.9999,100,2.16E-02,4.12E-01,6.40E-01,5.98E-01
39,53.3333,100.001,2.79E-02,4.14E-01,4.77E-01,5.99E-01
40,46.6667,100.001,3.48E-02,4.00E-01,3.12E-01,5.84E-01
41,40.0001,100.001,4.21E-02,3.82E-01,1.56E-01,5.66E-01
42,33.3335,100.002,4.97E-02,3.75E-01,9.34E-02,5.62E-01
43,26.6669,100.002,5.75E-02,3.84E-01,1.64E-01,5.88E-01
44,20.0003,100.002,6.53E-02,4.03E-01,2.72E-01,6.60E-01
45,13.3336,100.002,7.30E-02,4.29E-01,3.50E-01,7.96E-01
46,6.66698,100.003,8.03E-02,4.71E-01,3.89E-01,1.01E+00
47,0.000313626,100.003,8.71E-02,5.56E-01,3.83E-01,1.28E+00
48,-6.66638,100.003,9.29E-02,7.07E-01,3.33E-01,1.62E+00
49,-13.333,100.003,9.74E-02,9.13E-01,2.57E-01,2.01E+00
50,-19.9998,100.003,1.01E-01,1.15E+00,2.22E-01,2.44E+00
51,-26.6666,100.003,1.02E-01,1.39E+00,2.33E-01,2.88E+00
52,-33.3333,100.003,1.02E-01,1.62E+00,2.45E-01,3.31E+00
53,-40,100.003,9.95E-02,1.82E+00,3.03E-01,3.71E+00
54,-46.6668,100.003,9.57E-02,1.97E+00,4.16E-01,4.05E+00
55,-53.3335,100.003,9.05E-02,2.07E+00,5.28E-01,4.32E+00
56,-60.0002,100.002,8.39E-02,2.11E+00,6.31E-01,4.51E+00
57,-66.667,100.002,7.61E-02,2.11E+00,7.24E-01,4.63E+00
58,-73.3336,100.002,6.74E-02,2.08E+00,8.05E-01,4.68E+00
59,-80.0004,100.001,5.80E-02,2.03E+00,8.68E-01,4.66E+00
60,-86.6671,100.001,4.79E-02,1.98E+00,9.04E-01,4.58E+00
61,-93.3337,100.001,3.74E-02,1.91E+00,8.97E-01,4.44E+00
62,-100,100,2.68E-02,1.81E+00,8.24E-01,4.27E+00
63,-100.001,93.3338,3.74E-02,1.91E+00,8.97E-01,4.44E+00
64,-100.001,86.6671,4.79E-02,1.98E+00,9.03E-01,4.58E+00
65,-100.001,80.0004,5.80E-02,2.04E+00,8.67E-01,4.66E+00
66,-100.002,73.3336,6.75E-02,2.08E+00,8.02E-01,4.68E+00
67,-100.002,66.6669,7.62E-02,2.11E+00,7.20E-01,4.63E+00
68,-100.002,60.0002,8.39E-02,2.11E+00,6.27E-01,4.51E+00
69,-100.003,53.3335,9.05E-02,2.07E+00,5.23E-01,4.32E+00
70,-100.003,46.6668,9.58E-02,1.97E+00,4.09E-01,4.05E+00
71,-100.003,40,9.96E-02,1.83E+00,2.97E-01,3.71E+00
72,-100.003,33.3333,1.02E-01,1.63E+00,2.40E-01,3.31E+00
73,-100.003,26.6666,1.02E-01,1.40E+00,2.28E-01,2.88E+00
74,-100.003,19.9998,1.01E-01,1.15E+00,2.19E-01,2.44E+00
75,-100.003,13.3331,9.75E-02,9.15E-01,2.63E-01,2.01E+00
76,-100.003,6.66637,9.29E-02,7.09E-01,3.44E-01,1.62E+00
77,-100.003,-0.000315974,8.71E-02,5.58E-01,3.94E-01,1.28E+00
78,-100.003,-6.66698,8.04E-02,4.73E-01,3.99E-01,1.00E+00
79,-100.002,-13.3336,7.31E-02,4.30E-01,3.59E-01,7.96E-01
80,-100.002,-20.0003,6.54E-02,4.04E-01,2.79E-01,6.61E-01
81,-100.002,-26.6669,5.75E-02,3.85E-01,1.70E-01,5.89E-01
82,-100.002,-33.3335,4.97E-02,3.76E-01,9.40E-02,5.63E-01
83,-100.001,-40.0001,4.21E-02,3.83E-01,1.52E-01,5.66E-01
84,-100.001,-46.6667,3.48E-02,4.00E-01,3.08E-01,5.84E-01
85,-100.001,-53.3333,2.80E-02,4.14E-01,4.74E-01,6.00E-01
86,-100,-59.9999,2.16E-02,4.13E-01,6.38E-01,5.99E-01
87,-100,-66.6665,1.59E-02,3.89E-01,7.94E-01,5.73E-01
88,-100,-73.333,1.10E-02,3.41E-01,9.36E-01,5.21E-01
89,-99.9998,-79.9997,6.84E-03,2.71E-01,1.06E+00,4.44E-01
90,-99.9997,-86.6663,3.63E-03,1.87E-01,1.17E+00,3.50E-01
91,-99.9996,-93.3329,1.38E-03,1.06E-01,1.26E+00,2.58E-01
92,-99.9996,-99.9996,5.95E-05,6.96E-02,1.35E+00,1.91E-01
93,-93.3329,-99.9996,1.38E-03,1.06E-01,1.26E+00,2.57E-01
94,-86.6663,-99.9997,3.63E-03,1.86E-01,1.17E+00,3.50E-01
95,-79.9997,-99.9998,6.83E-03,2.71E-01,1.06E+00,4.43E-01
96,-73.333,-100,1.10E-02,3.41E-01,9.37E-01,5.20E-01
97,-66.6665,-100,1.59E-02,3.89E-01,7.95E-01,5.73E-01
98,-59.9999,-100,2.16E-02,4.13E-01,6.40E-01,5.98E-01
99,-53.3333,-100.001,2.79E-02,4.14E-01,4.77E-01,5.99E-01
100,-46.6667,-100.001,3.48E-02,4.00E-01,3.12E-01,5.84E-01
101,-40.0001,-100.001,4.21E-02,3.82E-01,1.56E-01,5.66E-01
102,-33.3335,-100.002,4.97E-02,3.75E-01,9.34E-02,5.62E-01
103,-26.6669,-100.002,5.75E-02,3.84E-01,1.64E-01,5.88E-01
104,-20.0003,-100.002,6.53E-02,4.03E-01,2.72E-01,6.60E-01
105,-13.3336,-100.002,7.30E-02,4.29E-01,3.50E-01,7.96E-01
106,-6.66698,-100.003,8.03E-02,4.71E-01,3.89E-01,1.01E+00
107,-0.000313602,-100.003,8.71E-02,5.56E-01,3.83E-01,1.28E+00
108,6.66637,-100.003,9.29E-02,7.07E-01,3.33E-01,1.62E+00
109,13.3331,-100.003,9.74E-02,9.13E-01,2.57E-01,2.01E+00
110,19.9998,-100.003,1.01E-01,1.15E+00,2.22E-01,2.44E+00
111,26.6666,-100.003,1.02E-01,1.39E+00,2.33E-01,2.88E+00
112,33.3333,-100.003,1.02E-01,1.62E+00,2.45E-01,3.31E+00
113,40,-100.003,9.95E-02,1.82E+00,3.03E-01,3.71E+00
114,46.6668,-100.003,9.57E-02,1.97E+00,4.15E-01,4.05E+00
115,53.3335,-100.003,9.05E-02,2.07E+00,5.28E-01,4.32E+00
116,60.0002,-100.002,8.39E-02,2.11E+00,6.31E-01,4.51E+00
117,66.6669,-100.002,7.61E-02,2.11E+00,7.23E-01,4.63E+00
118,73.3336,-100.002,6.74E-02,2.08E+00,8.04E-01,4.68E+00
119,80.0004,-100.001,5.80E-02,2.04E+00,8.67E-01,4.66E+00
120,86.6671,-100.001,4.79E-02,1.98E+00,9.03E-01,4.57E+00
121,93.3338,-100.001,3.74E-02,1.91E+00,8.94E-01,4.44E+00
122,-93.3368,-0.000463372,1.34E-01,4.31E-01,1.83E-01,7.82E-01
123,-86.6707,-0.000616057,1.88E-01,9.04E-01,2.36E-01,5.59E-01
124,-80.0044,-0.000768819,2.48E-01,1.48E+00,5.37E-01,6.66E-01
125,-73.3381,-0.00091853,3.12E-01,2.04E+00,8.75E-01,9.58E-01
126,-66.6718,-0.0010631,3.80E-01,2.60E+00,1.23E+00,1.30E+00
127,-60.0054,-0.00120067,4.52E-01,3.18E+00,1.61E+00,1.66E+00
128,-53.3389,-0.00132887,5.25E-01,3.81E+00,2.03E+00,2.04E+00
129,-46.6725,-0.00144391,6.00E-01,4.53E+00,2.52E+00,2.47E+00
130,-40.0059,-0.00153947,6.75E-01,5.37E+00,3.10E+00,2.99E+00
131,-33.3392,-0.00160487,7.50E-01,6.40E+00,3.82E+00,3.62E+00
132,-26.6724,-0.00162222,8.23E-01,7.70E+00,4.77E+00,4.47E+00
133,-20.0053,-0.00156024,8.91E-01,9.42E+00,6.08E+00,5.68E+00
134,-13.3378,-0.00136626,9.52E-01,1.19E+01,8.05E+00,7.64E+00
135,-6.66959,-0.000911917,9.99E-01,1.54E+01,1.07E+01,1.07E+01
136,4.58E-06,-1.98E-06,1.02E+00,1.74E+01,1.22E+01,1.25E+01
137,6.66959,0.000908799,9.99E-01,1.54E+01,1.07E+01,1.07E+01
138,13.3378,0.00136406,9.52E-01,1.19E+01,8.04E+00,7.64E+00
139,20.0053,0.00155857,8.91E-01,9.42E+00,6.08E+00,5.68E+00
140,26.6724,0.00162097,8.23E-01,7.70E+00,4.76E+00,4.47E+00
141,33.3392,0.00160394,7.50E-01,6.40E+00,3.82E+00,3.62E+00
142,40.0059,0.00153883,6.75E-01,5.37E+00,3.10E+00,2.98E+00
143,46.6724,0.0014435,6.00E-01,4.53E+00,2.52E+00,2.47E+00
144,53.3389,0.00132868,5.25E-01,3.81E+00,2.03E+00,2.04E+00
145,60.0054,0.00120067,4.52E-01,3.18E+00,1.61E+00,1.66E+00
146,66.6718,0.00106329,3.80E-01,2.59E+00,1.23E+00,1.30E+00
147,73.3381,0.000918905,3.12E-01,2.04E+00,8.75E-01,9.58E-01
148,80.0044,0.000769392,2.48E-01,1.48E+00,5.38E-01,6.65E-01
149,86.6707,0.000616825,1.88E-01,9.04E-01,2.37E-01,5.59E-01
150,93.3368,0.000464594,1.34E-01,4.31E-01,1.85E-01,7.81E-01
151,0.000896617,6.66956,9.99E-01,1.55E+01,1.07E+01,1.07E+01
152,0.00134641,13.3378,9.52E-01,1.20E+01,8.09E+00,7.65E+00
153,0.00154859,20.0053,8.91E-01,9.45E+00,6.12E+00,5.67E+00
154,0.00161344,26.6723,8.22E-01,7.72E+00,4.80E+00,4.46E+00
155,0.00159798,33.3392,7.49E-01,6.41E+00,3.85E+00,3.61E+00
156,0.00153389,40.0058,6.75E-01,5.38E+00,3.12E+00,2.97E+00
157,0.00143925,46.6724,5.99E-01,4.53E+00,2.54E+00,2.46E+00
158,0.00132487,53.3389,5.25E-01,3.81E+00,2.05E+00,2.03E+00
159,0.00119713,60.0054,4.51E-01,3.18E+00,1.63E+00,1.65E+00
160,0.00105985,66.6718,3.80E-01,2.60E+00,1.24E+00,1.29E+00
161,0.000915435,73.3381,3.12E-01,2.04E+00,8.87E-01,9.54E-01
162,0.000765674,80.0044,2.48E-01,1.48E+00,5.49E-01,6.63E-01
163,0.000612912,86.6707,1.88E-01,9.07E-01,2.44E-01,5.60E-01
164,0.000459207,93.3368,1.34E-01,4.32E-01,1.78E-01,7.85E-01
165,-53.3391,6.66587,5.42E-01,3.48E+00,2.46E+00,1.45E+00
166,-53.339,13.3332,5.49E-01,2.94E+00,2.85E+00,8.46E-01
167,-53.3388,20.0005,5.46E-01,2.28E+00,3.11E+00,8.64E-01
168,-53.3383,26.6678,5.34E-01,1.64E+00,3.22E+00,1.55E+00
169,-53.3378,33.335,5.12E-01,1.10E+00,3.19E+00,2.29E+00
170,-53.3372,40.0021,4.83E-01,7.26E-01,3.06E+00,2.88E+00
171,-53.3366,46.6692,4.48E-01,5.26E-01,2.89E+00,3.29E+00
172,-53.3361,53.3361,4.08E-01,5.03E-01,2.68E+00,3.54E+00
173,-53.3355,60.003,3.65E-01,6.08E-01,2.46E+00,3.69E+00
174,-53.335,66.6698,3.20E-01,7.78E-01,2.23E+00,3.78E+00
175,-53.3346,73.3365,2.73E-01,9.72E-01,1.97E+00,3.83E+00
176,-53.3342,80.0032,2.25E-01,1.18E+00,1.68E+00,3.89E+00
177,-53.3339,86.6698,1.78E-01,1.42E+00,1.34E+00,3.97E+00
178,-53.3337,93.3363,1.33E-01,1.71E+00,9.64E-01,4.11E+00
179,-60.0035,46.6686,3.99E-01,4.84E-01,2.60E+00,3.37E+00
180,-66.6703,46.6682,3.47E-01,5.65E-01,2.31E+00,3.41E+00
181,-73.337,46.6678,2.95E-01,7.31E-01,2.00E+00,3.45E+00
182,-80.0036,46.6674,2.42E-01,9.51E-01,1.66E+00,3.51E+00
183,-86.6702,46.6672,1.91E-01,1.22E+00,1.28E+00,3.61E+00
184,-93.3366,46.6669,1.41E-01,1.55E+00,8.67E-01,3.78E+00
185,-73.3374,40.0009,3.13E-01,4.79E-01,1.99E+00,2.96E+00
186,-73.3378,33.3339,3.27E-01,3.85E-01,1.93E+00,2.36E+00
187,-73.3381,26.6669,3.35E-01,6.08E-01,1.81E+00,1.71E+00
188,-73.3383,19.9999,3.38E-01,1.03E+00,1.62E+00,1.06E+00
189,-73.3384,13.3329,3.35E-01,1.45E+00,1.38E+00,6.21E-01
190,-73.3383,6.66597,3.26E-01,1.79E+00,1.12E+00,6.38E-01
191,-66.6717,26.6672,4.01E-01,9.51E-01,2.26E+00,1.61E+00
192,-60.0051,26.6675,4.67E-01,1.29E+00,2.73E+00,1.56E+00
193,-66.6713,33.3342,3.89E-01,5.60E-01,2.35E+00,2.31E+00
194,-66.6709,40.0012,3.71E-01,4.35E-01,2.36E+00,2.92E+00
195,-60.0046,33.3346,4.51E-01,8.14E-01,2.76E+00,2.29E+00
196,-60.0041,40.0017,4.28E-01,5.28E-01,2.71E+00,2.91E+00
197,-66.6721,13.333,4.04E-01,1.93E+00,1.83E+00,6.22E-01
198,-60.0056,13.333,4.76E-01,2.43E+00,2.31E+00,7.10E-01
199,-66.672,20.0001,4.06E-01,1.45E+00,2.09E+00,9.28E-01
200,-60.0054,20.0003,4.76E-01,1.86E+00,2.58E+00,8.69E-01
201,-66.672,6.66591,3.95E-01,2.33E+00,1.53E+00,8.63E-01
202,-60.0056,6.66587,4.68E-01,2.88E+00,1.97E+00,1.14E+00
203,-93.3372,26.6666,1.53E-01,7.97E-01,4.67E-01,2.43E+00
204,-86.671,26.6666,2.10E-01,3.83E-01,9.21E-01,2.10E+00
205,-80.0046,26.6668,2.71E-01,3.40E-01,1.37E+00,1.86E+00
206,-86.6708,33.3335,2.07E-01,6.52E-01,1.08E+00,2.65E+00
207,-86.6706,40.0003,2.00E-01,9.59E-01,1.20E+00,3.16E+00
208,-93.3371,33.3334,1.52E-01,1.09E+00,6.20E-01,2.92E+00
209,-93.3369,40.0002,1.48E-01,1.34E+00,7.54E-01,3.38E+00
210,-80.0044,33.3337,2.66E-01,3.95E-01,1.51E+00,2.47E+00
211,-80.004,40.0006,2.56E-01,6.65E-01,1.61E+00,3.03E+00
212,-93.3372,13.333,1.48E-01,3.79E-01,2.16E-01,1.47E+00
213,-86.671,13.3329,2.05E-01,4.45E-01,5.45E-01,1.05E+00
214,-80.0047,13.3329,2.68E-01,9.45E-01,9.58E-01,7.59E-01
215,-86.6711,19.9998,2.09E-01,2.99E-01,7.39E-01,1.55E+00
216,-93.3372,19.9998,1.52E-01,5.20E-01,3.10E-01,1.94E+00
217,-80.0047,19.9998,2.72E-01,5.87E-01,1.18E+00,1.26E+00
218,-86.6709,6.66615,1.98E-01,6.91E-01,3.66E-01,6.92E-01
219,-93.337,6.66626,1.42E-01,3.82E-01,1.88E-01,1.07E+00
220,-80.0046,6.66605,2.60E-01,1.25E+00,7.34E-01,5.49E-01
221,-60.0015,73.336,2.47E-01,1.18E+00,1.91E+00,4.11E+00
222,-66.6683,73.3355,2.20E-01,1.36E+00,1.82E+00,4.30E+00
223,-73.335,73.3351,1.90E-01,1.52E+00,1.71E+00,4.41E+00
224,-80.0018,73.3346,1.59E-01,1.66E+00,1.57E+00,4.49E+00
225,-86.6686,73.3342,1.28E-01,1.80E+00,1.38E+00,4.55E+00
226,-93.3352,73.3339,9.71E-02,1.93E+00,1.13E+00,4.60E+00
227,-73.3355,66.6683,2.20E-01,1.36E+00,1.82E+00,4.30E+00
228,-73.336,60.0015,2.47E-01,1.18E+00,1.91E+00,4.11E+00
229,-73.3365,53.3346,2.73E-01,9.75E-01,1.96E+00,3.83E+00
230,-66.6693,60.0019,2.89E-01,9.89E-01,2.11E+00,4.03E+00
231,-60.0024,60.0024,3.28E-01,7.94E-01,2.30E+00,3.90E+00
232,-66.6688,66.6687,2.55E-01,1.18E+00,1.98E+00,4.19E+00
233,-60.0019,66.6693,2.89E-01,9.88E-01,2.12E+00,4.03E+00
234,-66.6698,53.3351,3.20E-01,7.80E-01,2.22E+00,3.78E+00
235,-60.003,53.3356,3.65E-01,6.09E-01,2.46E+00,3.69E+00
236,-93.3359,60.0004,1.22E-01,1.82E+00,1.03E+00,4.35E+00
237,-86.6694,60.0007,1.63E-01,1.58E+00,1.38E+00,4.24E+00
238,-80.0027,60.0011,2.05E-01,1.38E+00,1.66E+00,4.17E+00
239,-86.669,66.6675,1.46E-01,1.70E+00,1.39E+00,4.43E+00
240,-93.3356,66.6672,1.10E-01,1.89E+00,1.09E+00,4.51E+00
241,-80.0023,66.6679,1.83E-01,1.53E+00,1.63E+00,4.37E+00
242,-86.6698,53.334,1.78E-01,1.43E+00,1.34E+00,3.97E+00
243,-93.3363,53.3337,1.33E-01,1.71E+00,9.58E-01,4.10E+00
244,-80.0032,53.3343,2.25E-01,1.19E+00,1.67E+00,3.89E+00
245,-73.3339,93.3352,9.71E-02,1.93E+00,1.13E+00,4.61E+00
246,-73.3342,86.6685,1.28E-01,1.80E+00,1.38E+00,4.55E+00
247,-73.3346,80.0018,1.59E-01,1.66E+00,1.57E+00,4.49E+00
248,-66.6675,86.669,1.46E-01,1.70E+00,1.39E+00,4.43E+00
249,-60.0007,86.6694,1.63E-01,1.58E+00,1.38E+00,4.25E+00
250,-66.6672,93.3356,1.10E-01,1.89E+00,1.09E+00,4.52E+00
251,-60.0005,93.336,1.22E-01,1.82E+00,1.04E+00,4.35E+00
252,-66.6679,80.0023,1.83E-01,1.53E+00,1.63E+00,4.37E+00
253,-60.0011,80.0027,2.05E-01,1.37E+00,1.66E+00,4.17E+00
254,-93.3344,86.6674,6.79E-02,1.97E+00,1.12E+00,4.59E+00
255,-86.6677,86.6677,8.84E-02,1.93E+00,1.26E+00,4.60E+00
256,-80.001,86.6681,1.09E-01,1.87E+00,1.34E+00,4.60E+00
257,-86.6674,93.3344,6.79E-02,1.97E+00,1.12E+00,4.59E+00
258,-93.334,93.3341,5.26E-02,1.96E+00,1.04E+00,4.52E+00
259,-80.0006,93.3348,8.29E-02,1.95E+00,1.14E+00,4.63E+00
260,-86.6681,80.001,1.09E-01,1.87E+00,1.34E+00,4.60E+00
261,-93.3348,80.0006,8.29E-02,1.96E+00,1.14E+00,4.63E+00
262,-80.0014,80.0014,1.34E-01,1.78E+00,1.48E+00,4.56E+00
263,-6.66592,46.6725,6.16E-01,4.15E+00,3.05E+00,1.78E+00
264,-13.3334,46.6724,6.22E-01,3.50E+00,3.48E+00,1.01E+00
265,-20.0009,46.6721,6.16E-01,2.73E+00,3.72E+00,8.90E-01
266,-26.6683,46.6716,5.98E-01,2.01E+00,3.75E+00,1.55E+00
267,-33.3355,46.671,5.71E-01,1.43E+00,3.63E+00,2.27E+00
268,-40.0027,46.6703,5.35E-01,1.00E+00,3.41E+00,2.79E+00
269,-46.6698,46.6697,4.94E-01,7.03E-01,3.16E+00,3.11E+00
270,-26.6689,40.0046,6.60E-01,2.41E+00,4.32E+00,1.52E+00
271,-26.6695,33.3375,7.17E-01,2.87E+00,4.92E+00,1.41E+00
272,-26.6702,26.6702,7.66E-01,3.47E+00,5.52E+00,1.13E+00
273,-26.671,20.0026,8.05E-01,4.34E+00,6.01E+00,9.73E-01
274,-26.6717,13.3346,8.30E-01,5.55E+00,6.15E+00,1.72E+00
275,-26.6723,6.66646,8.36E-01,6.87E+00,5.71E+00,3.24E+00
276,-20.0026,26.671,8.05E-01,4.35E+00,6.02E+00,9.76E-01
277,-13.3346,26.6717,8.29E-01,5.59E+00,6.17E+00,1.73E+00
278,-6.66647,26.6722,8.35E-01,6.91E+00,5.74E+00,3.25E+00
279,-13.334,33.3388,7.64E-01,4.80E+00,5.09E+00,1.43E+00
280,-13.3336,40.0057,6.94E-01,4.11E+00,4.21E+00,1.20E+00
281,-20.0019,33.3382,7.47E-01,3.73E+00,5.17E+00,9.59E-01
282,-20.0013,40.0052,6.83E-01,3.20E+00,4.40E+00,9.29E-01
283,-6.66619,33.3391,7.65E-01,5.81E+00,4.61E+00,2.64E+00
284,-6.66601,40.0059,6.91E-01,4.91E+00,3.74E+00,2.17E+00
285,-13.3372,6.6676,9.55E-01,1.02E+01,9.16E+00,5.64E+00
286,-13.3362,13.3362,9.31E-01,8.07E+00,8.69E+00,3.47E+00
287,-13.3353,20.0042,8.87E-01,6.59E+00,7.44E+00,2.27E+00
288,-20.0042,13.3353,8.87E-01,6.55E+00,7.43E+00,2.26E+00
289,-20.005,6.66691,9.01E-01,8.24E+00,7.21E+00,4.10E+00
290,-20.0034,20.0034,8.53E-01,5.22E+00,6.87E+00,1.22E+00
291,-6.66762,13.3372,9.55E-01,1.03E+01,9.18E+00,5.66E+00
292,-6.66861,6.66858,9.92E-01,1.32E+01,1.09E+01,8.37E+00
293,-6.66692,20.0049,9.00E-01,8.29E+00,7.24E+00,4.11E+00
294,-46.6716,26.6683,5.98E-01,2.00E+00,3.74E+00,1.55E+00
295,-40.0046,26.6688,6.60E-01,2.40E+00,4.31E+00,1.53E+00
296,-33.3375,26.6695,7.17E-01,2.86E+00,4.91E+00,1.41E+00
297,-40.004,33.3361,6.26E-01,1.80E+00,4.07E+00,2.18E+00
298,-40.0033,40.0033,5.84E-01,1.35E+00,3.75E+00,2.58E+00
299,-46.671,33.3355,5.71E-01,1.43E+00,3.62E+00,2.27E+00
300,-46.6704,40.0027,5.35E-01,1.00E+00,3.41E+00,2.79E+00
301,-33.3368,33.3368,6.75E-01,2.26E+00,4.52E+00,1.92E+00
302,-33.3361,40.004,6.26E-01,1.80E+00,4.07E+00,2.17E+00
303,-46.6725,13.3334,6.22E-01,3.49E+00,3.46E+00,1.01E+00
304,-40.0057,13.3337,6.95E-01,4.09E+00,4.19E+00,1.20E+00
305,-33.3388,13.3341,7.64E-01,4.77E+00,5.08E+00,1.43E+00
306,-40.0052,20.0013,6.84E-01,3.18E+00,4.38E+00,9.31E-01
307,-46.6721,20.0009,6.16E-01,2.72E+00,3.71E+00,8.92E-01
308,-33.3382,20.0019,7.47E-01,3.70E+00,5.15E+00,9.60E-01
309,-40.0059,6.666,6.92E-01,4.90E+00,3.72E+00,2.18E+00
310,-46.6726,6.66591,6.17E-01,4.14E+00,3.03E+00,1.79E+00
311,-33.3391,6.66618,7.65E-01,5.79E+00,4.59E+00,2.65E+00
312,-26.6666,93.3372,1.53E-01,7.90E-01,4.78E-01,2.44E+00
313,-26.6667,86.671,2.10E-01,3.79E-01,9.31E-01,2.10E+00
314,-26.6668,80.0046,2.71E-01,3.43E-01,1.38E+00,1.87E+00
315,-26.667,73.3382,3.35E-01,6.16E-01,1.82E+00,1.71E+00
316,-26.6672,66.6717,4.01E-01,9.61E-01,2.27E+00,1.61E+00
317,-26.6675,60.0051,4.67E-01,1.30E+00,2.74E+00,1.56E+00
318,-26.6679,53.3384,5.33E-01,1.65E+00,3.23E+00,1.55E+00
319,-19.9999,73.3383,3.38E-01,1.04E+00,1.64E+00,1.06E+00
320,-13.3329,73.3384,3.35E-01,1.45E+00,1.40E+00,6.23E-01
321,-6.66597,73.3383,3.26E-01,1.80E+00,1.13E+00,6.36E-01
322,-13.3329,80.0047,2.68E-01,9.51E-01,9.70E-01,7.63E-01
323,-13.3329,86.671,2.05E-01,4.48E-01,5.57E-01,1.05E+00
324,-13.333,93.3372,1.48E-01,3.78E-01,2.19E-01,1.48E+00
325,-19.9998,86.671,2.09E-01,2.99E-01,7.49E-01,1.55E+00
326,-19.9998,80.0047,2.72E-01,5.93E-01,1.19E+00,1.26E+00
327,-19.9998,93.3372,1.52E-01,5.16E-01,3.20E-01,1.94E+00
328,-6.66615,86.6709,1.98E-01,6.95E-01,3.78E-01,6.95E-01
329,-6.66606,80.0046,2.60E-01,1.26E+00,7.47E-01,5.50E-01
330,-6.66626,93.337,1.42E-01,3.83E-01,1.85E-01,1.08E+00
331,-13.3331,53.339,5.49E-01,2.95E+00,2.86E+00,8.43E-01
332,-13.333,60.0056,4.76E-01,2.44E+00,2.33E+00,7.08E-01
333,-13.3329,66.672,4.04E-01,1.94E+00,1.84E+00,6.22E-01
334,-20.0003,60.0054,4.76E-01,1.88E+00,2.59E+00,8.70E-01
335,-20.0005,53.3388,5.46E-01,2.30E+00,3.12E+00,8.63E-01
336,-20.0001,66.6719,4.06E-01,1.46E+00,2.10E+00,9.30E-01
337,-6.66588,60.0056,4.68E-01,2.89E+00,1.98E+00,1.14E+00
338,-6.66588,53.3391,5.41E-01,3.49E+00,2.48E+00,1.45E+00
339,-6.66592,66.672,3.95E-01,2.34E+00,1.54E+00,8.58E-01
340,-46.6678,73.337,2.95E-01,7.27E-01,2.00E+00,3.45E+00
341,-40.0009,73.3375,3.13E-01,4.75E-01,2.00E+00,2.96E+00
342,-33.3339,73.3379,3.27E-01,3.87E-01,1.94E+00,2.37E+00
343,-40.0006,80.004,2.56E-01,6.59E-01,1.61E+00,3.03E+00
344,-40.0003,86.6705,2.00E-01,9.52E-01,1.20E+00,3.17E+00
345,-40.0002,93.3369,1.48E-01,1.34E+00,7.63E-01,3.39E+00
346,-46.6672,86.6702,1.90E-01,1.21E+00,1.29E+00,3.61E+00
347,-46.6675,80.0036,2.42E-01,9.46E-01,1.66E+00,3.51E+00
348,-46.667,93.3366,1.41E-01,1.55E+00,8.74E-01,3.78E+00
349,-33.3335,86.6708,2.07E-01,6.44E-01,1.08E+00,2.65E+00
350,-33.3337,80.0044,2.66E-01,3.91E-01,1.52E+00,2.47E+00
351,-33.3333,93.3371,1.52E-01,1.08E+00,6.31E-01,2.93E+00
352,-40.0021,53.3372,4.83E-01,7.29E-01,3.07E+00,2.88E+00
353,-40.0017,60.0041,4.28E-01,5.31E-01,2.72E+00,2.91E+00
354,-40.0012,66.6708,3.70E-01,4.35E-01,2.36E+00,2.92E+00
355,-46.6687,60.0035,3.99E-01,4.84E-01,2.61E+00,3.37E+00
356,-46.6692,53.3367,4.48E-01,5.27E-01,2.89E+00,3.28E+00
357,-46.6682,66.6703,3.47E-01,5.63E-01,2.31E+00,3.41E+00
358,-33.3346,60.0046,4.51E-01,8.22E-01,2.77E+00,2.29E+00
359,-33.335,53.3378,5.12E-01,1.11E+00,3.19E+00,2.29E+00
360,-33.3342,66.6713,3.89E-01,5.66E-01,2.36E+00,2.31E+00
361,93.3345,46.6668,5.70E-02,8.06E-01,2.97E-01,8.95E-01
362,86.6681,46.667,8.40E-02,1.22E+00,3.28E-01,1.26E+00
363,80.0016,46.6672,1.16E-01,1.60E+00,3.89E-01,1.60E+00
364,73.3351,46.6674,1.51E-01,1.96E+00,4.74E-01,1.91E+00
365,66.6686,46.6677,1.90E-01,2.29E+00,5.75E-01,2.17E+00
366,60.002,46.6681,2.31E-01,2.59E+00,6.89E-01,2.41E+00
367,53.3355,46.6685,2.75E-01,2.89E+00,8.09E-01,2.60E+00
368,46.6689,46.6689,3.20E-01,3.17E+00,9.29E-01,2.76E+00
369,40.0023,46.6694,3.66E-01,3.45E+00,1.04E+00,2.90E+00
370,33.3358,46.67,4.11E-01,3.73E+00,1.16E+00,3.00E+00
371,26.6691,46.6705,4.56E-01,4.01E+00,1.28E+00,3.07E+00
372,20.0024,46.6711,4.99E-01,4.29E+00,1.45E+00,3.10E+00
373,13.3356,46.6716,5.39E-01,4.51E+00,1.70E+00,3.06E+00
374,6.66861,46.6721,5.73E-01,4.63E+00,2.06E+00,2.87E+00
375,53.336,40.0019,3.15E-01,3.11E+00,8.80E-01,2.70E+00
376,53.3365,33.3353,3.56E-01,3.33E+00,9.51E-01,2.76E+00
377,53.3371,26.6687,3.96E-01,3.55E+00,1.04E+00,2.78E+00
378,53.3376,20.002,4.34E-01,3.74E+00,1.17E+00,2.75E+00
379,53.3381,13.3353,4.69E-01,3.88E+00,1.36E+00,2.65E+00
380,53.3386,6.66838,5.00E-01,3.92E+00,1.65E+00,2.43E+00
381,80.002,40.0006,1.36E-01,1.68E+00,3.26E-01,1.59E+00
382,80.0024,33.3341,1.56E-01,1.73E+00,2.77E-01,1.55E+00
383,80.0029,26.6675,1.76E-01,1.75E+00,2.50E-01,1.46E+00
384,80.0033,20.0009,1.96E-01,1.75E+00,2.54E-01,1.33E+00
385,80.0037,13.3342,2.15E-01,1.72E+00,2.96E-01,1.15E+00
386,80.0041,6.66753,2.33E-01,1.63E+00,3.89E-01,9.14E-01
387,86.6693,26.6673,1.31E-01,1.26E+00,1.33E-01,1.07E+00
388,93.3356,26.667,9.11E-02,7.41E-01,1.21E-01,7.06E-01
389,86.6688,33.3338,1.15E-01,1.27E+00,1.63E-01,1.17E+00
390,86.6684,40.0004,9.94E-02,1.25E+00,2.34E-01,1.23E+00
391,93.3352,33.3336,7.95E-02,7.81E-01,1.05E-01,7.87E-01
392,93.3348,40.0002,6.80E-02,8.03E-01,1.73E-01,8.53E-01
393,86.67,13.334,1.62E-01,1.16E+00,1.49E-01,7.77E-01
394,93.3363,13.3338,1.14E-01,6.03E-01,2.02E-01,5.91E-01
395,86.6697,20.0006,1.47E-01,1.23E+00,1.35E-01,9.36E-01
396,93.3359,20.0004,1.03E-01,6.82E-01,1.72E-01,6.31E-01
397,86.6704,6.66733,1.76E-01,1.06E+00,1.73E-01,6.25E-01
398,93.3366,6.66715,1.25E-01,5.12E-01,1.99E-01,6.25E-01
399,60.0036,26.6684,3.37E-01,3.10E+00,8.18E-01,2.48E+00
400,66.6701,26.668,2.80E-01,2.66E+00,6.12E-01,2.16E+00
401,73.3365,26.6678,2.26E-01,2.22E+00,4.21E-01,1.83E+00
402,66.6695,33.3346,2.50E-01,2.56E+00,5.83E-01,2.21E+00
403,66.669,40.0012,2.20E-01,2.43E+00,5.76E-01,2.21E+00
404,60.003,33.335,3.02E-01,2.95E+00,7.61E-01,2.49E+00
405,60.0025,40.0015,2.66E-01,2.78E+00,7.23E-01,2.47E+00
406,73.336,33.3343,2.01E-01,2.15E+00,4.21E-01,1.90E+00
407,73.3355,40.0009,1.76E-01,2.07E+00,4.42E-01,1.92E+00
408,66.6715,6.66794,3.60E-01,2.73E+00,9.80E-01,1.65E+00
409,66.671,13.3347,3.36E-01,2.77E+00,7.95E-01,1.90E+00
410,66.6706,20.0014,3.09E-01,2.74E+00,6.77E-01,2.06E+00
411,60.0046,13.335,4.01E-01,3.31E+00,1.07E+00,2.27E+00
412,60.0051,6.66815,4.29E-01,3.30E+00,1.30E+00,2.03E+00
413,60.0041,20.0017,3.70E-01,3.23E+00,9.14E-01,2.41E+00
414,73.3374,13.3345,2.74E-01,2.25E+00,5.36E-01,1.53E+00
415,73.3378,6.66773,2.94E-01,2.18E+00,6.76E-01,1.28E+00
416,73.337,20.0011,2.51E-01,2.25E+00,4.55E-01,1.71E+00
417,26.6696,40.0039,5.18E-01,4.52E+00,1.54E+00,3.38E+00
418,26.6701,33.3373,5.79E-01,5.08E+00,1.82E+00,3.71E+00
419,26.6706,26.6706,6.39E-01,5.72E+00,2.13E+00,4.06E+00
420,26.6711,20.0037,6.96E-01,6.42E+00,2.50E+00,4.43E+00
421,26.6717,13.3367,7.48E-01,7.15E+00,2.99E+00,4.78E+00
422,26.6721,6.66936,7.92E-01,7.70E+00,3.75E+00,4.92E+00
423,33.3373,26.6701,5.79E-01,5.08E+00,1.82E+00,3.71E+00
424,40.0039,26.6696,5.18E-01,4.52E+00,1.54E+00,3.38E+00
425,46.6705,26.6691,4.56E-01,4.01E+00,1.28E+00,3.07E+00
426,40.0034,33.3362,4.68E-01,4.15E+00,1.37E+00,3.24E+00
427,40.0028,40.0028,4.17E-01,3.79E+00,1.21E+00,3.08E+00
428,33.3367,33.3367,5.24E-01,4.60E+00,1.59E+00,3.47E+00
429,33.3362,40.0034,4.68E-01,4.15E+00,1.37E+00,3.24E+00
430,46.67,33.3358,4.11E-01,3.73E+00,1.15E+00,3.00E+00
431,46.6694,40.0023,3.66E-01,3.45E+00,1.04E+00,2.90E+00
432,33.3384,13.3363,6.79E-01,6.10E+00,2.48E+00,4.09E+00
433,40.0051,13.3359,6.09E-01,5.24E+00,2.05E+00,3.53E+00
434,46.6716,13.3356,5.39E-01,4.51E+00,1.69E+00,3.06E+00
435,40.0045,20.0028,5.65E-01,4.90E+00,1.75E+00,3.49E+00
436,33.3379,20.0033,6.32E-01,5.60E+00,2.10E+00,3.93E+00
437,46.6711,20.0024,4.99E-01,4.28E+00,1.44E+00,3.10E+00
438,40.0056,6.66886,6.47E-01,5.44E+00,2.50E+00,3.41E+00
439,33.3389,6.66911,7.20E-01,6.44E+00,3.05E+00,4.06E+00
440,46.6721,6.66861,5.73E-01,4.62E+00,2.05E+00,2.88E+00
441,6.66936,26.6721,7.92E-01,7.71E+00,3.77E+00,4.91E+00
442,13.3367,26.6717,7.48E-01,7.15E+00,3.00E+00,4.78E+00
443,20.0037,26.6711,6.96E-01,6.42E+00,2.50E+00,4.43E+00
444,13.3363,33.3384,6.79E-01,6.10E+00,2.49E+00,4.08E+00
445,13.3359,40.0051,6.09E-01,5.24E+00,2.06E+00,3.52E+00
446,6.6691,33.3389,7.20E-01,6.45E+00,3.07E+00,4.05E+00
447,6.66885,40.0055,6.46E-01,5.45E+00,2.52E+00,3.40E+00
448,20.0033,33.3379,6.32E-01,5.60E+00,2.10E+00,3.92E+00
449,20.0028,40.0045,5.65E-01,4.90E+00,1.75E+00,3.49E+00
450,6.66982,13.3378,9.22E-01,1.17E+01,6.09E+00,7.87E+00
451,13.3375,13.3375,8.73E-01,1.01E+01,4.53E+00,6.80E+00
452,20.0047,13.3371,8.14E-01,8.45E+00,3.63E+00,5.67E+00
453,13.3371,20.0047,8.14E-01,8.46E+00,3.64E+00,5.67E+00
454,6.6696,20.0052,8.60E-01,9.37E+00,4.70E+00,6.09E+00
455,20.0042,20.0042,7.58E-01,7.38E+00,2.98E+00,5.03E+00
456,13.3379,6.66983,9.22E-01,1.17E+01,6.05E+00,7.87E+00
457,6.66995,6.66994,9.72E-01,1.45E+01,8.37E+00,1.01E+01
458,20.0052,6.66961,8.60E-01,9.36E+00,4.66E+00,6.11E+00
459,53.3334,93.3342,4.64E-02,7.87E-01,4.34E-01,9.07E-01
460,53.3335,86.6677,6.94E-02,1.16E+00,4.30E-01,1.24E+00
461,53.3337,80.0012,9.64E-02,1.51E+00,4.58E-01,1.56E+00
462,53.334,73.3346,1.27E-01,1.83E+00,5.08E-01,1.85E+00
463,53.3343,66.6681,1.61E-01,2.13E+00,5.75E-01,2.09E+00
464,53.3346,60.0016,1.97E-01,2.40E+00,6.52E-01,2.30E+00
465,53.335,53.335,2.35E-01,2.65E+00,7.32E-01,2.47E+00
466,60.0005,73.3343,1.04E-01,1.68E+00,5.36E-01,1.75E+00
467,66.6671,73.3339,8.30E-02,1.51E+00,5.59E-01,1.60E+00
468,73.3336,73.3336,6.36E-02,1.31E+00,5.88E-01,1.42E+00
469,80.0002,73.3334,4.65E-02,1.08E+00,6.33E-01,1.21E+00
470,86.6668,73.3332,3.18E-02,8.41E-01,7.05E-01,9.79E-01
471,93.3334,73.3331,1.99E-02,5.87E-01,8.07E-01,7.40E-01
472,73.3334,80.0002,4.65E-02,1.08E+00,6.33E-01,1.21E+00
473,73.3332,86.6668,3.18E-02,8.41E-01,7.06E-01,9.79E-01
474,73.3331,93.3334,1.99E-02,5.87E-01,8.08E-01,7.40E-01
475,66.6667,86.667,4.31E-02,9.71E-01,6.21E-01,1.10E+00
476,60.0001,86.6673,5.57E-02,1.08E+00,5.29E-01,1.19E+00
477,66.6669,80.0005,6.16E-02,1.25E+00,5.79E-01,1.37E+00
478,60.0003,80.0008,7.83E-02,1.39E+00,5.21E-01,1.48E+00
479,66.6666,93.3336,2.78E-02,6.78E-01,6.93E-01,8.29E-01
480,60,93.3339,3.66E-02,7.44E-01,5.67E-01,8.85E-01
481,86.6666,79.9998,2.21E-02,6.89E-01,7.87E-01,8.26E-01
482,86.6664,86.6664,1.41E-02,5.20E-01,8.81E-01,6.57E-01
483,86.6663,93.333,7.92E-03,3.45E-01,1.01E+00,4.90E-01
484,79.9998,86.6666,2.21E-02,6.89E-01,7.87E-01,8.26E-01
485,80,80,3.32E-02,8.95E-01,6.97E-01,1.03E+00
486,79.9997,93.3332,1.33E-02,4.74E-01,9.11E-01,6.23E-01
487,93.333,86.6663,7.92E-03,3.46E-01,1.01E+00,4.90E-01
488,93.3332,79.9997,1.33E-02,4.74E-01,9.10E-01,6.23E-01
489,93.3329,93.3329,3.96E-03,2.12E-01,1.11E+00,3.59E-01
490,73.3346,53.334,1.27E-01,1.83E+00,5.06E-01,1.85E+00
491,73.3343,60.0005,1.04E-01,1.68E+00,5.35E-01,1.75E+00
492,73.3339,66.6671,8.30E-02,1.51E+00,5.59E-01,1.60E+00
493,66.6677,60.0008,1.33E-01,1.94E+00,5.66E-01,1.97E+00
494,60.0012,60.0012,1.64E-01,2.18E+00,6.08E-01,2.16E+00
495,66.6681,53.3343,1.61E-01,2.13E+00,5.73E-01,2.09E+00
496,60.0016,53.3346,1.97E-01,2.40E+00,6.51E-01,2.30E+00
497,66.6674,66.6674,1.07E-01,1.74E+00,5.58E-01,1.81E+00
498,60.0008,66.6677,1.33E-01,1.94E+00,5.67E-01,1.97E+00
499,93.3339,60,3.67E-02,7.45E-01,5.65E-01,8.86E-01
500,86.6673,60.0001,5.57E-02,1.08E+00,5.28E-01,1.19E+00
501,80.0008,60.0003,7.84E-02,1.39E+00,5.20E-01,1.48E+00
502,86.6677,53.3335,6.94E-02,1.16E+00,4.28E-01,1.24E+00
503,93.3342,53.3334,4.64E-02,7.87E-01,4.31E-01,9.07E-01
504,80.0012,53.3337,9.65E-02,1.51E+00,4.56E-01,1.56E+00
505,86.667,66.6667,4.31E-02,9.71E-01,6.21E-01,1.10E+00
506,93.3336,66.6666,2.78E-02,6.78E-01,6.91E-01,8.29E-01
507,80.0005,66.6669,6.16E-02,1.25E+00,5.78E-01,1.37E+00
508,26.667,93.3356,9.10E-02,7.41E-01,1.16E-01,7.06E-01
509,26.6673,86.6693,1.31E-01,1.26E+00,1.35E-01,1.07E+00
510,26.6675,80.0029,1.76E-01,1.75E+00,2.56E-01,1.46E+00
511,26.6677,73.3365,2.26E-01,2.22E+00,4.27E-01,1.83E+00
512,26.668,66.6701,2.80E-01,2.66E+00,6.17E-01,2.16E+00
513,26.6684,60.0036,3.36E-01,3.10E+00,8.23E-01,2.47E+00
514,26.6687,53.3371,3.96E-01,3.55E+00,1.04E+00,2.77E+00
515,33.3343,73.336,2.01E-01,2.15E+00,4.25E-01,1.90E+00
516,40.0009,73.3355,1.76E-01,2.07E+00,4.46E-01,1.92E+00
517,46.6674,73.3351,1.51E-01,1.96E+00,4.76E-01,1.91E+00
518,40.0006,80.002,1.36E-01,1.68E+00,3.30E-01,1.59E+00
519,40.0004,86.6684,9.93E-02,1.25E+00,2.37E-01,1.23E+00
520,40.0002,93.3348,6.80E-02,8.03E-01,1.77E-01,8.53E-01
521,33.3338,86.6688,1.15E-01,1.27E+00,1.67E-01,1.17E+00
522,33.3341,80.0024,1.56E-01,1.73E+00,2.82E-01,1.55E+00
523,33.3336,93.3352,7.94E-02,7.81E-01,1.05E-01,7.86E-01
524,46.667,86.6681,8.40E-02,1.22E+00,3.30E-01,1.26E+00
525,46.6672,80.0016,1.16E-01,1.60E+00,3.92E-01,1.60E+00
526,46.6668,93.3345,5.69E-02,8.05E-01,3.00E-01,8.95E-01
527,33.335,60.003,3.02E-01,2.95E+00,7.64E-01,2.49E+00
528,40.0015,60.0025,2.66E-01,2.78E+00,7.25E-01,2.47E+00
529,46.6681,60.002,2.31E-01,2.59E+00,6.91E-01,2.40E+00
530,40.0012,66.669,2.20E-01,2.43E+00,5.79E-01,2.21E+00
531,33.3346,66.6695,2.50E-01,2.56E+00,5.88E-01,2.21E+00
532,46.6677,66.6686,1.90E-01,2.29E+00,5.78E-01,2.17E+00
533,40.0019,53.336,3.15E-01,3.11E+00,8.82E-01,2.70E+00
534,33.3353,53.3365,3.56E-01,3.34E+00,9.54E-01,2.75E+00
535,46.6685,53.3355,2.75E-01,2.89E+00,8.10E-01,2.60E+00
536,6.66772,73.3378,2.94E-01,2.19E+00,6.86E-01,1.28E+00
537,13.3345,73.3374,2.73E-01,2.25E+00,5.45E-01,1.53E+00
538,20.0011,73.337,2.50E-01,2.25E+00,4.62E-01,1.71E+00
539,13.3342,80.0037,2.15E-01,1.72E+00,3.04E-01,1.14E+00
540,13.334,86.67,1.62E-01,1.17E+00,1.51E-01,7.77E-01
541,13.3338,93.3363,1.14E-01,6.03E-01,1.93E-01,5.92E-01
542,6.66733,86.6704,1.76E-01,1.06E+00,1.77E-01,6.25E-01
543,6.66752,80.0041,2.33E-01,1.63E+00,3.99E-01,9.11E-01
544,6.66715,93.3366,1.24E-01,5.12E-01,1.90E-01,6.27E-01
545,20.0006,86.6697,1.47E-01,1.23E+00,1.36E-01,9.36E-01
546,20.0009,80.0033,1.96E-01,1.75E+00,2.60E-01,1.33E+00
547,20.0004,93.3359,1.03E-01,6.81E-01,1.64E-01,6.31E-01
548,13.3353,53.3381,4.69E-01,3.88E+00,1.37E+00,2.64E+00
549,13.335,60.0046,4.01E-01,3.31E+00,1.08E+00,2.27E+00
550,13.3347,66.671,3.36E-01,2.77E+00,8.04E-01,1.90E+00
551,6.66815,60.005,4.29E-01,3.31E+00,1.31E+00,2.03E+00
552,6.66838,53.3386,5.00E-01,3.93E+00,1.67E+00,2.43E+00
553,6.66793,66.6715,3.60E-01,2.74E+00,9.91E-01,1.65E+00
554,20.0017,60.0041,3.70E-01,3.23E+00,9.20E-01,2.40E+00
555,20.002,53.3376,4.34E-01,3.74E+00,1.17E+00,2.75E+00
556,20.0014,66.6706,3.09E-01,2.74E+00,6.84E-01,2.06E+00
557,-0.000459162,-93.3368,1.34E-01,4.32E-01,1.78E-01,7.85E-01
558,-0.000612835,-86.6707,1.88E-01,9.07E-01,2.44E-01,5.60E-01
559,-0.000765559,-80.0044,2.48E-01,1.48E+00,5.49E-01,6.63E-01
560,-0.000915266,-73.3381,3.12E-01,2.04E+00,8.87E-01,9.54E-01
561,-0.0010596,-66.6718,3.80E-01,2.60E+00,1.24E+00,1.29E+00
562,-0.00119678,-60.0054,4.51E-01,3.18E+00,1.63E+00,1.65E+00
563,-0.00132438,-53.3389,5.25E-01,3.81E+00,2.05E+00,2.03E+00
564,-0.00143855,-46.6725,5.99E-01,4.53E+00,2.54E+00,2.46E+00
565,-0.00153292,-40.0058,6.75E-01,5.38E+00,3.12E+00,2.97E+00
566,-0.0015966,-33.3391,7.49E-01,6.41E+00,3.85E+00,3.61E+00
567,-0.00161151,-26.6724,8.22E-01,7.71E+00,4.80E+00,4.46E+00
568,-0.00154583,-20.0053,8.91E-01,9.45E+00,6.12E+00,5.67E+00
569,-0.00134243,-13.3378,9.52E-01,1.20E+01,8.10E+00,7.65E+00
570,-0.000890275,-6.66957,9.99E-01,1.55E+01,1.07E+01,1.07E+01
571,-6.66838,-53.3386,5.00E-01,3.93E+00,1.67E+00,2.43E+00
572,-13.3352,-53.3381,4.69E-01,3.88E+00,1.37E+00,2.64E+00
573,-20.002,-53.3376,4.34E-01,3.74E+00,1.17E+00,2.75E+00
574,-26.6688,-53.337,3.96E-01,3.55E+00,1.04E+00,2.78E+00
575,-33.3353,-53.3365,3.56E-01,3.34E+00,9.54E-01,2.76E+00
576,-40.0019,-53.3359,3.15E-01,3.11E+00,8.82E-01,2.70E+00
577,-46.6685,-53.3354,2.75E-01,2.89E+00,8.10E-01,2.60E+00
578,-53.335,-53.335,2.35E-01,2.65E+00,7.33E-01,2.47E+00
579,-60.0016,-53.3346,1.97E-01,2.40E+00,6.52E-01,2.30E+00
580,-66.6681,-53.3342,1.61E-01,2.13E+00,5.74E-01,2.09E+00
581,-73.3346,-53.334,1.27E-01,1.83E+00,5.06E-01,1.85E+00
582,-80.0012,-53.3337,9.64E-02,1.51E+00,4.56E-01,1.56E+00
583,-86.6677,-53.3335,6.94E-02,1.16E+00,4.28E-01,1.24E+00
584,-93.3341,-53.3334,4.64E-02,7.87E-01,4.32E-01,9.07E-01
585,-46.6681,-60.002,2.31E-01,2.60E+00,6.91E-01,2.41E+00
586,-46.6678,-66.6686,1.90E-01,2.29E+00,5.78E-01,2.17E+00
587,-46.6675,-73.335,1.51E-01,1.96E+00,4.76E-01,1.91E+00
588,-46.6672,-80.0016,1.16E-01,1.60E+00,3.92E-01,1.60E+00
589,-46.667,-86.6681,8.40E-02,1.22E+00,3.30E-01,1.26E+00
590,-46.6668,-93.3345,5.69E-02,8.06E-01,3.00E-01,8.95E-01
591,-20.0017,-60.0041,3.70E-01,3.23E+00,9.20E-01,2.41E+00
592,-20.0014,-66.6706,3.09E-01,2.74E+00,6.84E-01,2.06E+00
593,-20.0011,-73.3369,2.50E-01,2.25E+00,4.62E-01,1.71E+00
594,-20.0009,-80.0033,1.96E-01,1.75E+00,2.60E-01,1.33E+00
595,-20.0006,-86.6697,1.47E-01,1.23E+00,1.36E-01,9.36E-01
596,-20.0004,-93.3359,1.03E-01,6.82E-01,1.64E-01,6.31E-01
597,-13.3344,-73.3374,2.73E-01,2.25E+00,5.45E-01,1.53E+00
598,-6.66773,-73.3378,2.94E-01,2.19E+00,6.86E-01,1.28E+00
599,-13.3347,-66.6711,3.36E-01,2.77E+00,8.04E-01,1.90E+00
600,-13.3349,-60.0046,4.01E-01,3.31E+00,1.08E+00,2.27E+00
601,-6.66794,-66.6715,3.60E-01,2.74E+00,9.91E-01,1.65E+00
602,-6.66815,-60.005,4.29E-01,3.31E+00,1.31E+00,2.03E+00
603,-13.334,-86.6701,1.62E-01,1.17E+00,1.51E-01,7.77E-01
604,-6.66733,-86.6704,1.76E-01,1.06E+00,1.77E-01,6.25E-01
605,-13.3342,-80.0037,2.15E-01,1.72E+00,3.04E-01,1.14E+00
606,-6.66753,-80.0041,2.33E-01,1.63E+00,3.99E-01,9.11E-01
607,-13.3338,-93.3362,1.14E-01,6.03E-01,1.93E-01,5.92E-01
608,-6.66715,-93.3365,1.24E-01,5.12E-01,1.90E-01,6.27E-01
609,-40.0009,-73.3355,1.76E-01,2.07E+00,4.46E-01,1.92E+00
610,-33.3343,-73.336,2.01E-01,2.15E+00,4.25E-01,1.90E+00
611,-26.6678,-73.3365,2.26E-01,2.22E+00,4.27E-01,1.83E+00
612,-33.3346,-66.6696,2.50E-01,2.56E+00,5.88E-01,2.21E+00
613,-33.3349,-60.003,3.02E-01,2.95E+00,7.64E-01,2.49E+00
614,-40.0012,-66.6691,2.20E-01,2.43E+00,5.79E-01,2.21E+00
615,-40.0015,-60.0025,2.66E-01,2.78E+00,7.26E-01,2.47E+00
616,-26.6681,-66.6701,2.80E-01,2.66E+00,6.17E-01,2.16E+00
617,-26.6684,-60.0036,3.36E-01,3.10E+00,8.23E-01,2.48E+00
618,-33.3336,-93.3352,7.94E-02,7.81E-01,1.05E-01,7.86E-01
619,-33.3338,-86.6689,1.15E-01,1.27E+00,1.67E-01,1.17E+00
620,-33.334,-80.0024,1.56E-01,1.73E+00,2.81E-01,1.55E+00
621,-40.0004,-86.6685,9.93E-02,1.25E+00,2.37E-01,1.23E+00
622,-40.0002,-93.3348,6.79E-02,8.03E-01,1.77E-01,8.53E-01
623,-40.0006,-80.002,1.36E-01,1.68E+00,3.30E-01,1.59E+00
624,-26.6673,-86.6693,1.31E-01,1.26E+00,1.35E-01,1.07E+00
625,-26.6671,-93.3355,9.10E-02,7.41E-01,1.16E-01,7.06E-01
626,-26.6675,-80.0029,1.76E-01,1.75E+00,2.56E-01,1.46E+00
627,-73.3342,-60.0005,1.04E-01,1.68E+00,5.35E-01,1.75E+00
628,-73.3339,-66.6671,8.30E-02,1.51E+00,5.59E-01,1.60E+00
629,-73.3336,-73.3336,6.36E-02,1.31E+00,5.88E-01,1.42E+00
630,-73.3334,-80.0002,4.64E-02,1.08E+00,6.34E-01,1.21E+00
631,-73.3332,-86.6668,3.18E-02,8.41E-01,7.06E-01,9.79E-01
632,-73.3331,-93.3333,1.99E-02,5.86E-01,8.08E-01,7.40E-01
633,-66.6671,-73.3339,8.30E-02,1.51E+00,5.60E-01,1.60E+00
634,-60.0005,-73.3342,1.04E-01,1.68E+00,5.36E-01,1.75E+00
635,-53.334,-73.3346,1.27E-01,1.83E+00,5.08E-01,1.85E+00
636,-60.0008,-66.6677,1.33E-01,1.94E+00,5.67E-01,1.97E+00
637,-60.0012,-60.0012,1.64E-01,2.18E+00,6.09E-01,2.16E+00
638,-66.6674,-66.6674,1.07E-01,1.74E+00,5.59E-01,1.81E+00
639,-66.6677,-60.0008,1.33E-01,1.94E+00,5.67E-01,1.97E+00
640,-53.3342,-66.6681,1.61E-01,2.13E+00,5.75E-01,2.09E+00
641,-53.3346,-60.0016,1.97E-01,2.40E+00,6.52E-01,2.30E+00
642,-60,-93.3338,3.66E-02,7.45E-01,5.67E-01,8.86E-01
643,-60.0001,-86.6674,5.56E-02,1.08E+00,5.29E-01,1.19E+00
644,-60.0003,-80.0008,7.83E-02,1.39E+00,5.21E-01,1.48E+00
645,-66.6667,-86.6671,4.31E-02,9.71E-01,6.22E-01,1.10E+00
646,-66.6666,-93.3336,2.78E-02,6.78E-01,6.93E-01,8.29E-01
647,-66.6669,-80.0005,6.16E-02,1.25E+00,5.79E-01,1.37E+00
648,-53.3335,-86.6677,6.94E-02,1.16E+00,4.30E-01,1.24E+00
649,-53.3334,-93.3341,4.64E-02,7.87E-01,4.34E-01,9.07E-01
650,-53.3337,-80.0012,9.64E-02,1.51E+00,4.58E-01,1.56E+00
651,-93.3333,-73.3331,1.99E-02,5.86E-01,8.07E-01,7.40E-01
652,-86.6668,-73.3332,3.18E-02,8.41E-01,7.06E-01,9.79E-01
653,-80.0002,-73.3334,4.65E-02,1.08E+00,6.34E-01,1.21E+00
654,-86.6671,-66.6667,4.31E-02,9.71E-01,6.21E-01,1.10E+00
655,-86.6674,-60.0001,5.57E-02,1.08E+00,5.28E-01,1.19E+00
656,-93.3336,-66.6666,2.78E-02,6.78E-01,6.92E-01,8.29E-01
657,-93.3338,-60,3.66E-02,7.44E-01,5.65E-01,8.85E-01
658,-80.0005,-66.6669,6.16E-02,1.25E+00,5.78E-01,1.37E+00
659,-80.0008,-60.0003,7.83E-02,1.39E+00,5.20E-01,1.48E+00
660,-86.6664,-93.333,7.92E-03,3.45E-01,1.01E+00,4.89E-01
661,-86.6664,-86.6664,1.41E-02,5.20E-01,8.81E-01,6.57E-01
662,-86.6666,-79.9998,2.21E-02,6.89E-01,7.88E-01,8.26E-01
663,-93.333,-86.6664,7.93E-03,3.45E-01,1.01E+00,4.90E-01
664,-93.3329,-93.3329,3.97E-03,2.11E-01,1.12E+00,3.58E-01
665,-93.3331,-79.9997,1.33E-02,4.74E-01,9.11E-01,6.23E-01
666,-79.9998,-86.6666,2.21E-02,6.89E-01,7.88E-01,8.26E-01
667,-79.9997,-93.3331,1.33E-02,4.74E-01,9.11E-01,6.23E-01
668,-80,-80,3.32E-02,8.95E-01,6.98E-01,1.03E+00
669,-46.6721,-6.66862,5.73E-01,4.62E+00,2.05E+00,2.88E+00
670,-46.6717,-13.3356,5.39E-01,4.51E+00,1.69E+00,3.06E+00
671,-46.6711,-20.0024,4.99E-01,4.29E+00,1.44E+00,3.10E+00
672,-46.6706,-26.6692,4.56E-01,4.01E+00,1.28E+00,3.07E+00
673,-46.67,-33.3357,4.11E-01,3.73E+00,1.15E+00,3.00E+00
674,-46.6694,-40.0023,3.65E-01,3.45E+00,1.04E+00,2.90E+00
675,-46.6689,-46.6689,3.20E-01,3.17E+00,9.30E-01,2.76E+00
676,-40.0039,-26.6696,5.18E-01,4.52E+00,1.54E+00,3.38E+00
677,-33.3373,-26.6701,5.79E-01,5.08E+00,1.82E+00,3.71E+00
678,-26.6706,-26.6706,6.39E-01,5.72E+00,2.13E+00,4.06E+00
679,-20.0037,-26.6712,6.96E-01,6.42E+00,2.50E+00,4.43E+00
680,-13.3367,-26.6717,7.48E-01,7.15E+00,3.00E+00,4.78E+00
681,-6.66936,-26.6722,7.92E-01,7.71E+00,3.77E+00,4.91E+00
682,-26.6712,-20.0037,6.96E-01,6.42E+00,2.50E+00,4.43E+00
683,-26.6717,-13.3367,7.48E-01,7.15E+00,2.99E+00,4.78E+00
684,-26.6722,-6.66936,7.92E-01,7.71E+00,3.75E+00,4.92E+00
685,-33.3384,-13.3363,6.79E-01,6.10E+00,2.48E+00,4.09E+00
686,-40.0051,-13.3359,6.09E-01,5.24E+00,2.05E+00,3.53E+00
687,-33.3378,-20.0033,6.32E-01,5.60E+00,2.10E+00,3.93E+00
688,-40.0045,-20.0028,5.65E-01,4.90E+00,1.75E+00,3.49E+00
689,-33.3389,-6.66911,7.20E-01,6.44E+00,3.05E+00,4.06E+00
690,-40.0056,-6.66886,6.46E-01,5.45E+00,2.50E+00,3.41E+00
691,-6.66982,-13.3378,9.22E-01,1.17E+01,6.09E+00,7.87E+00
692,-13.3375,-13.3375,8.73E-01,1.01E+01,4.53E+00,6.80E+00
693,-20.0047,-13.3371,8.14E-01,8.46E+00,3.63E+00,5.67E+00
694,-13.3371,-20.0047,8.14E-01,8.46E+00,3.64E+00,5.67E+00
695,-6.6696,-20.0052,8.60E-01,9.37E+00,4.70E+00,6.09E+00
696,-20.0042,-20.0042,7.58E-01,7.38E+00,2.98E+00,5.03E+00
697,-13.3378,-6.66983,9.22E-01,1.17E+01,6.05E+00,7.87E+00
698,-6.66995,-6.66994,9.72E-01,1.45E+01,8.37E+00,1.01E+01
699,-20.0052,-6.66961,8.60E-01,9.37E+00,4.66E+00,6.11E+00
700,-26.6692,-46.6705,4.56E-01,4.02E+00,1.28E+00,3.07E+00
701,-26.6696,-40.0039,5.18E-01,4.52E+00,1.54E+00,3.38E+00
702,-26.6701,-33.3373,5.79E-01,5.08E+00,1.82E+00,3.71E+00
703,-33.3362,-40.0034,4.68E-01,4.15E+00,1.37E+00,3.24E+00
704,-40.0028,-40.0028,4.17E-01,3.79E+00,1.21E+00,3.08E+00
705,-33.3357,-46.67,4.11E-01,3.73E+00,1.16E+00,3.00E+00
706,-40.0023,-46.6694,3.65E-01,3.45E+00,1.04E+00,2.90E+00
707,-33.3367,-33.3367,5.24E-01,4.60E+00,1.59E+00,3.47E+00
708,-40.0034,-33.3362,4.68E-01,4.15E+00,1.37E+00,3.24E+00
709,-13.3356,-46.6717,5.39E-01,4.51E+00,1.70E+00,3.06E+00
710,-13.3359,-40.0051,6.09E-01,5.24E+00,2.06E+00,3.52E+00
711,-13.3363,-33.3384,6.79E-01,6.10E+00,2.49E+00,4.08E+00
712,-20.0028,-40.0045,5.65E-01,4.90E+00,1.75E+00,3.49E+00
713,-20.0024,-46.6711,4.99E-01,4.29E+00,1.45E+00,3.10E+00
714,-20.0033,-33.3378,6.32E-01,5.60E+00,2.10E+00,3.93E+00
715,-6.66886,-40.0055,6.46E-01,5.45E+00,2.52E+00,3.40E+00
716,-6.66861,-46.6721,5.73E-01,4.63E+00,2.06E+00,2.87E+00
717,-6.66911,-33.3389,7.20E-01,6.45E+00,3.07E+00,4.05E+00
718,-73.3378,-6.66773,2.94E-01,2.18E+00,6.75E-01,1.28E+00
719,-73.3374,-13.3344,2.73E-01,2.25E+00,5.36E-01,1.53E+00
720,-73.3369,-20.0011,2.50E-01,2.25E+00,4.55E-01,1.71E+00
721,-73.3365,-26.6678,2.26E-01,2.22E+00,4.21E-01,1.83E+00
722,-73.336,-33.3343,2.01E-01,2.15E+00,4.21E-01,1.90E+00
723,-73.3355,-40.0009,1.76E-01,2.07E+00,4.42E-01,1.92E+00
724,-73.335,-46.6675,1.51E-01,1.96E+00,4.74E-01,1.91E+00
725,-66.6701,-26.6681,2.80E-01,2.66E+00,6.12E-01,2.16E+00
726,-60.0036,-26.6684,3.36E-01,3.10E+00,8.18E-01,2.48E+00
727,-53.337,-26.6688,3.96E-01,3.55E+00,1.04E+00,2.78E+00
728,-66.6711,-13.3347,3.36E-01,2.77E+00,7.95E-01,1.90E+00
729,-60.0046,-13.335,4.01E-01,3.31E+00,1.07E+00,2.27E+00
730,-53.3381,-13.3352,4.69E-01,3.88E+00,1.37E+00,2.65E+00
731,-60.0051,-6.66816,4.29E-01,3.31E+00,1.30E+00,2.03E+00
732,-66.6715,-6.66794,3.60E-01,2.73E+00,9.79E-01,1.65E+00
733,-53.3386,-6.66838,5.00E-01,3.93E+00,1.65E+00,2.43E+00
734,-60.0041,-20.0017,3.70E-01,3.23E+00,9.14E-01,2.41E+00
735,-66.6706,-20.0014,3.09E-01,2.74E+00,6.77E-01,2.07E+00
736,-53.3376,-20.002,4.34E-01,3.74E+00,1.17E+00,2.75E+00
737,-60.002,-46.6681,2.31E-01,2.60E+00,6.90E-01,2.41E+00
738,-60.0025,-40.0015,2.66E-01,2.78E+00,7.23E-01,2.47E+00
739,-60.003,-33.3349,3.02E-01,2.95E+00,7.61E-01,2.50E+00
740,-66.6691,-40.0012,2.20E-01,2.43E+00,5.76E-01,2.21E+00
741,-66.6686,-46.6678,1.90E-01,2.29E+00,5.76E-01,2.18E+00
742,-66.6696,-33.3346,2.50E-01,2.56E+00,5.83E-01,2.21E+00
743,-53.3359,-40.0019,3.15E-01,3.11E+00,8.80E-01,2.70E+00
744,-53.3354,-46.6685,2.75E-01,2.89E+00,8.10E-01,2.60E+00
745,-53.3365,-33.3353,3.56E-01,3.34E+00,9.51E-01,2.76E+00
746,-93.3355,-26.6671,9.10E-02,7.40E-01,1.20E-01,7.06E-01
747,-86.6693,-26.6673,1.31E-01,1.26E+00,1.32E-01,1.07E+00
748,-80.0029,-26.6675,1.76E-01,1.75E+00,2.50E-01,1.46E+00
749,-86.6697,-20.0006,1.47E-01,1.23E+00,1.35E-01,9.36E-01
750,-86.6701,-13.334,1.62E-01,1.16E+00,1.49E-01,7.78E-01
751,-86.6704,-6.66734,1.76E-01,1.06E+00,1.73E-01,6.25E-01
752,-93.3362,-13.3338,1.14E-01,6.03E-01,2.02E-01,5.91E-01
753,-93.3359,-20.0004,1.03E-01,6.81E-01,1.71E-01,6.31E-01
754,-93.3365,-6.66715,1.24E-01,5.12E-01,1.99E-01,6.26E-01
755,-80.0038,-13.3342,2.15E-01,1.72E+00,2.95E-01,1.15E+00
756,-80.0033,-20.0009,1.96E-01,1.75E+00,2.53E-01,1.33E+00
757,-80.0041,-6.66753,2.33E-01,1.63E+00,3.88E-01,9.14E-01
758,-86.6681,-46.667,8.40E-02,1.22E+00,3.27E-01,1.26E+00
759,-86.6685,-40.0004,9.93E-02,1.25E+00,2.34E-01,1.23E+00
760,-86.6689,-33.3338,1.15E-01,1.27E+00,1.63E-01,1.17E+00
761,-93.3348,-40.0002,6.80E-02,8.03E-01,1.73E-01,8.53E-01
762,-93.3345,-46.6668,5.69E-02,8.05E-01,2.97E-01,8.95E-01
763,-93.3352,-33.3336,7.94E-02,7.81E-01,1.04E-01,7.86E-01
764,-80.002,-40.0006,1.36E-01,1.68E+00,3.26E-01,1.59E+00
765,-80.0016,-46.6672,1.16E-01,1.60E+00,3.89E-01,1.60E+00
766,-80.0024,-33.334,1.56E-01,1.73E+00,2.77E-01,1.55E+00
767,93.3363,-53.3337,1.33E-01,1.71E+00,9.57E-01,4.10E+00
768,86.6698,-53.3339,1.78E-01,1.43E+00,1.34E+00,3.97E+00
769,80.0032,-53.3342,2.25E-01,1.19E+00,1.67E+00,3.89E+00
770,73.3365,-53.3346,2.73E-01,9.76E-01,1.96E+00,3.83E+00
771,66.6698,-53.335,3.20E-01,7.81E-01,2.22E+00,3.77E+00
772,60.003,-53.3355,3.65E-01,6.10E-01,2.46E+00,3.69E+00
773,53.3361,-53.3361,4.08E-01,5.03E-01,2.68E+00,3.54E+00
774,46.6692,-53.3366,4.48E-01,5.26E-01,2.89E+00,3.28E+00
775,40.0021,-53.3372,4.83E-01,7.27E-01,3.07E+00,2.87E+00
776,33.335,-53.3378,5.12E-01,1.11E+00,3.19E+00,2.29E+00
777,26.6678,-53.3383,5.33E-01,1.65E+00,3.23E+00,1.55E+00
778,20.0005,-53.3388,5.46E-01,2.29E+00,3.12E+00,8.63E-01
779,13.3332,-53.339,5.49E-01,2.95E+00,2.86E+00,8.43E-01
780,6.66588,-53.3391,5.41E-01,3.49E+00,2.48E+00,1.45E+00
781,53.3356,-60.003,3.65E-01,6.09E-01,2.46E+00,3.69E+00
782,53.3351,-66.6698,3.20E-01,7.79E-01,2.23E+00,3.77E+00
783,53.3346,-73.3365,2.73E-01,9.73E-01,1.97E+00,3.83E+00
784,53.3343,-80.0032,2.25E-01,1.18E+00,1.68E+00,3.89E+00
785,53.334,-86.6698,1.78E-01,1.42E+00,1.34E+00,3.97E+00
786,53.3337,-93.3363,1.33E-01,1.71E+00,9.64E-01,4.11E+00
787,60.0015,-73.336,2.47E-01,1.18E+00,1.91E+00,4.11E+00
788,66.6683,-73.3355,2.20E-01,1.36E+00,1.82E+00,4.29E+00
789,73.3351,-73.335,1.90E-01,1.52E+00,1.71E+00,4.41E+00
790,80.0018,-73.3346,1.59E-01,1.67E+00,1.57E+00,4.49E+00
791,86.6685,-73.3342,1.28E-01,1.80E+00,1.38E+00,4.54E+00
792,93.3352,-73.3339,9.72E-02,1.93E+00,1.13E+00,4.60E+00
793,73.3355,-66.6683,2.20E-01,1.36E+00,1.82E+00,4.29E+00
794,73.336,-60.0015,2.47E-01,1.18E+00,1.90E+00,4.11E+00
795,60.0019,-66.6693,2.89E-01,9.90E-01,2.12E+00,4.03E+00
796,60.0024,-60.0024,3.28E-01,7.95E-01,2.30E+00,3.90E+00
797,66.6688,-66.6688,2.55E-01,1.18E+00,1.98E+00,4.19E+00
798,66.6693,-60.0019,2.89E-01,9.90E-01,2.11E+00,4.03E+00
799,86.669,-66.6675,1.47E-01,1.70E+00,1.39E+00,4.43E+00
800,86.6694,-60.0007,1.63E-01,1.58E+00,1.38E+00,4.24E+00
801,80.0023,-66.6679,1.83E-01,1.53E+00,1.63E+00,4.37E+00
802,80.0027,-60.0011,2.05E-01,1.38E+00,1.66E+00,4.17E+00
803,93.3356,-66.6672,1.10E-01,1.89E+00,1.09E+00,4.51E+00
804,93.336,-60.0005,1.22E-01,1.82E+00,1.03E+00,4.35E+00
805,73.3339,-93.3352,9.71E-02,1.93E+00,1.13E+00,4.60E+00
806,73.3342,-86.6686,1.28E-01,1.80E+00,1.38E+00,4.55E+00
807,73.3346,-80.0018,1.59E-01,1.67E+00,1.57E+00,4.49E+00
808,66.6675,-86.669,1.46E-01,1.70E+00,1.39E+00,4.43E+00
809,60.0007,-86.6694,1.63E-01,1.58E+00,1.38E+00,4.24E+00
810,66.6672,-93.3356,1.10E-01,1.89E+00,1.09E+00,4.51E+00
811,60.0005,-93.3359,1.22E-01,1.82E+00,1.04E+00,4.35E+00
812,66.6679,-80.0023,1.83E-01,1.53E+00,1.63E+00,4.37E+00
813,60.0011,-80.0027,2.05E-01,1.37E+00,1.66E+00,4.17E+00
814,93.3344,-86.6674,6.80E-02,1.97E+00,1.12E+00,4.59E+00
815,86.6677,-86.6677,8.84E-02,1.93E+00,1.26E+00,4.60E+00
816,80.001,-86.6681,1.09E-01,1.88E+00,1.34E+00,4.60E+00
817,86.6674,-93.3344,6.79E-02,1.97E+00,1.12E+00,4.59E+00
818,93.3341,-93.334,5.26E-02,1.96E+00,1.04E+00,4.52E+00
819,80.0006,-93.3348,8.29E-02,1.96E+00,1.14E+00,4.63E+00
820,86.6681,-80.001,1.09E-01,1.88E+00,1.34E+00,4.59E+00
821,93.3348,-80.0006,8.30E-02,1.96E+00,1.14E+00,4.62E+00
822,80.0014,-80.0014,1.34E-01,1.78E+00,1.48E+00,4.56E+00
823,26.6675,-60.0051,4.67E-01,1.30E+00,2.74E+00,1.56E+00
824,26.6672,-66.6717,4.01E-01,9.60E-01,2.27E+00,1.61E+00
825,26.6669,-73.3381,3.35E-01,6.16E-01,1.82E+00,1.71E+00
826,26.6668,-80.0046,2.71E-01,3.43E-01,1.38E+00,1.87E+00
827,26.6667,-86.671,2.10E-01,3.79E-01,9.30E-01,2.10E+00
828,26.6666,-93.3372,1.53E-01,7.91E-01,4.78E-01,2.44E+00
829,33.3339,-73.3378,3.27E-01,3.87E-01,1.94E+00,2.37E+00
830,40.0009,-73.3374,3.13E-01,4.76E-01,2.00E+00,2.96E+00
831,46.6678,-73.337,2.95E-01,7.28E-01,2.00E+00,3.45E+00
832,40.0012,-66.6708,3.70E-01,4.35E-01,2.36E+00,2.92E+00
833,40.0017,-60.0041,4.28E-01,5.30E-01,2.72E+00,2.90E+00
834,33.3342,-66.6713,3.89E-01,5.65E-01,2.36E+00,2.31E+00
835,33.3346,-60.0046,4.51E-01,8.21E-01,2.77E+00,2.29E+00
836,46.6682,-66.6703,3.47E-01,5.63E-01,2.31E+00,3.41E+00
837,46.6687,-60.0035,3.99E-01,4.84E-01,2.61E+00,3.37E+00
838,40.0002,-93.3369,1.48E-01,1.34E+00,7.63E-01,3.39E+00
839,40.0003,-86.6706,2.00E-01,9.52E-01,1.20E+00,3.17E+00
840,40.0006,-80.004,2.56E-01,6.59E-01,1.61E+00,3.03E+00
841,33.3335,-86.6708,2.07E-01,6.45E-01,1.08E+00,2.65E+00
842,33.3334,-93.3371,1.52E-01,1.08E+00,6.30E-01,2.93E+00
843,33.3337,-80.0044,2.66E-01,3.92E-01,1.52E+00,2.47E+00
844,46.6672,-86.6702,1.90E-01,1.21E+00,1.29E+00,3.61E+00
845,46.6669,-93.3366,1.41E-01,1.55E+00,8.74E-01,3.78E+00
846,46.6674,-80.0036,2.42E-01,9.46E-01,1.66E+00,3.51E+00
847,6.66597,-73.3383,3.26E-01,1.80E+00,1.13E+00,6.36E-01
848,13.3329,-73.3384,3.35E-01,1.45E+00,1.40E+00,6.23E-01
849,19.9999,-73.3383,3.38E-01,1.04E+00,1.64E+00,1.06E+00
850,13.333,-66.6721,4.04E-01,1.94E+00,1.84E+00,6.22E-01
851,13.333,-60.0056,4.76E-01,2.44E+00,2.33E+00,7.08E-01
852,6.66591,-66.672,3.95E-01,2.33E+00,1.54E+00,8.58E-01
853,6.66588,-60.0056,4.68E-01,2.89E+00,1.98E+00,1.14E+00
854,20.0001,-66.6719,4.06E-01,1.46E+00,2.10E+00,9.30E-01
855,20.0003,-60.0054,4.76E-01,1.87E+00,2.59E+00,8.70E-01
856,13.333,-93.3372,1.48E-01,3.78E-01,2.19E-01,1.48E+00
857,13.333,-86.671,2.05E-01,4.48E-01,5.57E-01,1.05E+00
858,13.3329,-80.0047,2.68E-01,9.50E-01,9.70E-01,7.63E-01
859,6.66615,-86.6709,1.98E-01,6.95E-01,3.77E-01,6.95E-01
860,6.66626,-93.337,1.42E-01,3.83E-01,1.85E-01,1.08E+00
861,6.66605,-80.0046,2.60E-01,1.26E+00,7.47E-01,5.50E-01
862,19.9998,-86.6711,2.09E-01,2.99E-01,7.49E-01,1.55E+00
863,19.9998,-93.3372,1.52E-01,5.16E-01,3.20E-01,1.94E+00
864,19.9998,-80.0047,2.72E-01,5.93E-01,1.19E+00,1.26E+00
865,53.3391,-6.66587,5.42E-01,3.48E+00,2.46E+00,1.45E+00
866,53.339,-13.3331,5.49E-01,2.94E+00,2.85E+00,8.46E-01
867,53.3388,-20.0005,5.46E-01,2.28E+00,3.11E+00,8.63E-01
868,53.3384,-26.6679,5.34E-01,1.64E+00,3.22E+00,1.55E+00
869,53.3378,-33.335,5.12E-01,1.10E+00,3.19E+00,2.29E+00
870,53.3373,-40.0021,4.83E-01,7.24E-01,3.06E+00,2.87E+00
871,53.3367,-46.6692,4.48E-01,5.25E-01,2.89E+00,3.28E+00
872,60.0051,-26.6675,4.67E-01,1.29E+00,2.73E+00,1.56E+00
873,66.6717,-26.6672,4.01E-01,9.50E-01,2.26E+00,1.61E+00
874,73.3382,-26.667,3.35E-01,6.08E-01,1.81E+00,1.71E+00
875,80.0046,-26.6668,2.71E-01,3.40E-01,1.37E+00,1.86E+00
876,86.671,-26.6667,2.10E-01,3.84E-01,9.22E-01,2.10E+00
877,93.3372,-26.6666,1.53E-01,7.98E-01,4.66E-01,2.43E+00
878,73.3384,-19.9999,3.38E-01,1.03E+00,1.62E+00,1.05E+00
879,73.3384,-13.3329,3.35E-01,1.45E+00,1.38E+00,6.21E-01
880,73.3383,-6.66597,3.26E-01,1.79E+00,1.12E+00,6.38E-01
881,66.672,-13.3329,4.04E-01,1.93E+00,1.83E+00,6.22E-01
882,60.0056,-13.333,4.76E-01,2.42E+00,2.31E+00,7.10E-01
883,66.6719,-20.0001,4.06E-01,1.45E+00,2.09E+00,9.27E-01
884,60.0054,-20.0003,4.76E-01,1.86E+00,2.58E+00,8.69E-01
885,66.672,-6.66591,3.96E-01,2.33E+00,1.53E+00,8.63E-01
886,60.0056,-6.66588,4.68E-01,2.88E+00,1.97E+00,1.14E+00
887,93.3372,-13.333,1.48E-01,3.79E-01,2.17E-01,1.47E+00
888,86.671,-13.3329,2.06E-01,4.44E-01,5.47E-01,1.05E+00
889,80.0047,-13.3329,2.68E-01,9.44E-01,9.58E-01,7.59E-01
890,86.671,-19.9998,2.10E-01,2.98E-01,7.40E-01,1.55E+00
891,93.3372,-19.9998,1.52E-01,5.20E-01,3.10E-01,1.93E+00
892,80.0047,-19.9998,2.72E-01,5.86E-01,1.18E+00,1.26E+00
893,86.6709,-6.66615,1.98E-01,6.90E-01,3.67E-01,6.92E-01
894,93.3371,-6.66626,1.42E-01,3.82E-01,1.90E-01,1.07E+00
895,80.0046,-6.66605,2.60E-01,1.25E+00,7.35E-01,5.49E-01
896,73.337,-46.6678,2.95E-01,7.32E-01,2.00E+00,3.45E+00
897,73.3375,-40.0009,3.13E-01,4.79E-01,1.99E+00,2.96E+00
898,73.3379,-33.3339,3.27E-01,3.85E-01,1.93E+00,2.36E+00
899,66.6708,-40.0012,3.71E-01,4.35E-01,2.36E+00,2.92E+00
900,60.0041,-40.0017,4.28E-01,5.27E-01,2.71E+00,2.90E+00
901,66.6703,-46.6682,3.47E-01,5.66E-01,2.31E+00,3.41E+00
902,60.0035,-46.6687,3.99E-01,4.84E-01,2.60E+00,3.37E+00
903,66.6713,-33.3342,3.89E-01,5.59E-01,2.35E+00,2.31E+00
904,60.0046,-33.3346,4.51E-01,8.13E-01,2.76E+00,2.29E+00
905,93.3369,-40.0002,1.48E-01,1.34E+00,7.53E-01,3.38E+00
906,86.6705,-40.0003,2.00E-01,9.60E-01,1.20E+00,3.16E+00
907,80.004,-40.0006,2.56E-01,6.66E-01,1.61E+00,3.03E+00
908,86.6702,-46.6672,1.91E-01,1.22E+00,1.28E+00,3.61E+00
909,93.3366,-46.667,1.41E-01,1.56E+00,8.65E-01,3.78E+00
910,80.0036,-46.6675,2.42E-01,9.52E-01,1.66E+00,3.50E+00
911,86.6708,-33.3335,2.07E-01,6.53E-01,1.08E+00,2.65E+00
912,93.3371,-33.3333,1.52E-01,1.09E+00,6.19E-01,2.92E+00
913,80.0044,-33.3337,2.66E-01,3.95E-01,1.51E+00,2.47E+00
914,6.66647,-26.6722,8.35E-01,6.90E+00,5.74E+00,3.25E+00
915,13.3346,-26.6717,8.29E-01,5.58E+00,6.17E+00,1.74E+00
916,20.0026,-26.671,8.05E-01,4.35E+00,6.02E+00,9.75E-01
917,26.6702,-26.6702,7.66E-01,3.47E+00,5.52E+00,1.13E+00
918,33.3375,-26.6695,7.17E-01,2.86E+00,4.91E+00,1.41E+00
919,40.0046,-26.6689,6.60E-01,2.39E+00,4.31E+00,1.52E+00
920,46.6716,-26.6683,5.98E-01,2.00E+00,3.74E+00,1.55E+00
921,26.671,-20.0026,8.05E-01,4.33E+00,6.01E+00,9.73E-01
922,26.6717,-13.3346,8.30E-01,5.55E+00,6.15E+00,1.73E+00
923,26.6722,-6.66647,8.36E-01,6.87E+00,5.71E+00,3.24E+00
924,20.0042,-13.3353,8.87E-01,6.55E+00,7.43E+00,2.26E+00
925,13.3363,-13.3362,9.31E-01,8.06E+00,8.69E+00,3.47E+00
926,6.66762,-13.3372,9.55E-01,1.03E+01,9.18E+00,5.66E+00
927,13.3353,-20.0042,8.87E-01,6.58E+00,7.44E+00,2.28E+00
928,20.0034,-20.0034,8.53E-01,5.22E+00,6.87E+00,1.22E+00
929,6.66692,-20.005,9.00E-01,8.28E+00,7.24E+00,4.12E+00
930,13.3372,-6.66761,9.55E-01,1.02E+01,9.16E+00,5.64E+00
931,20.005,-6.66691,9.01E-01,8.23E+00,7.21E+00,4.10E+00
932,6.66861,-6.66859,9.92E-01,1.32E+01,1.09E+01,8.37E+00
933,46.6724,-13.3333,6.22E-01,3.49E+00,3.46E+00,1.01E+00
934,40.0057,-13.3336,6.95E-01,4.09E+00,4.19E+00,1.20E+00
935,33.3388,-13.334,7.64E-01,4.76E+00,5.08E+00,1.43E+00
936,40.0053,-20.0013,6.84E-01,3.18E+00,4.38E+00,9.30E-01
937,46.6721,-20.0009,6.16E-01,2.71E+00,3.71E+00,8.91E-01
938,33.3382,-20.0019,7.47E-01,3.70E+00,5.15E+00,9.59E-01
939,40.0059,-6.66601,6.92E-01,4.90E+00,3.72E+00,2.18E+00
940,46.6726,-6.66591,6.17E-01,4.14E+00,3.03E+00,1.79E+00
941,33.3392,-6.66618,7.65E-01,5.79E+00,4.59E+00,2.65E+00
942,26.6683,-46.6716,5.98E-01,2.01E+00,3.75E+00,1.54E+00
943,26.6688,-40.0046,6.60E-01,2.40E+00,4.32E+00,1.52E+00
944,26.6695,-33.3375,7.17E-01,2.87E+00,4.92E+00,1.41E+00
945,13.3334,-46.6725,6.22E-01,3.50E+00,3.48E+00,1.01E+00
946,13.3337,-40.0057,6.94E-01,4.11E+00,4.21E+00,1.20E+00
947,13.3341,-33.3388,7.64E-01,4.79E+00,5.09E+00,1.43E+00
948,6.66601,-40.0059,6.91E-01,4.91E+00,3.74E+00,2.17E+00
949,6.66592,-46.6726,6.16E-01,4.15E+00,3.05E+00,1.78E+00
950,6.66618,-33.3391,7.65E-01,5.81E+00,4.61E+00,2.64E+00
951,20.0013,-40.0052,6.83E-01,3.20E+00,4.40E+00,9.29E-01
952,20.0009,-46.6721,6.16E-01,2.73E+00,3.72E+00,8.90E-01
953,20.0019,-33.3382,7.47E-01,3.72E+00,5.17E+00,9.58E-01
954,40.0027,-46.6704,5.35E-01,1.00E+00,3.41E+00,2.79E+00
955,40.0033,-40.0033,5.84E-01,1.35E+00,3.75E+00,2.58E+00
956,40.004,-33.3361,6.26E-01,1.80E+00,4.07E+00,2.17E+00
957,33.3361,-40.004,6.26E-01,1.80E+00,4.07E+00,2.17E+00
958,33.3356,-46.671,5.71E-01,1.43E+00,3.63E+00,2.27E+00
959,33.3368,-33.3368,6.75E-01,2.25E+00,4.52E+00,1.91E+00
960,46.6703,-40.0027,5.35E-01,1.00E+00,3.41E+00,2.79E+00
961,46.6697,-46.6698,4.94E-01,7.02E-01,3.16E+00,3.11E+00
962,46.671,-33.3355,5.71E-01,1.42E+00,3.62E+00,2.27E+00
1302,-99.9996,-106.25,-4.47E-04,9.27E-02,1.47E+00,1.61E-01
1303,-99.9997,-112.5,-4.32E-04,1.26E-01,1.63E+00,1.47E-01
1304,-99.9998,-118.75,-1.70E-04,1.47E-01,1.75E+00,1.46E-01
1305,-100,-125,0.00E+00,1.58E-01,1.80E+00,1.52E-01
1306,-93.3333,-125,0.00E+00,1.68E-01,1.81E+00,1.69E-01
1307,-86.6667,-125,0.00E+00,1.59E-01,1.76E+00,1.71E-01
1308,-80,-125,0.00E+00,1.31E-01,1.68E+00,1.66E-01
1309,-73.3333,-125,0.00E+00,1.44E-01,1.55E+00,2.05E-01
1310,-66.6667,-125,0.00E+00,2.56E-01,1.39E+00,3.29E-01
1311,-60,-125,0.00E+00,4.53E-01,1.21E+00,5.33E-01
1312,-53.3333,-125,0.00E+00,7.05E-01,1.01E+00,7.97E-01
1313,-46.6667,-125,0.00E+00,9.98E-01,7.89E-01,1.11E+00
1314,-40,-125,0.00E+00,1.32E+00,5.58E-01,1.46E+00
1315,-33.3333,-125,0.00E+00,1.68E+00,3.20E-01,1.84E+00
1316,-26.6667,-125,0.00E+00,2.05E+00,1.36E-01,2.26E+00
1317,-20,-125,0.00E+00,2.43E+00,1.86E-01,2.69E+00
1318,-13.3333,-125,0.00E+00,2.82E+00,4.20E-01,3.15E+00
1319,-6.66667,-125,0.00E+00,3.21E+00,6.53E-01,3.61E+00
1320,0,-125,0.00E+00,3.59E+00,8.72E-01,4.08E+00
1321,6.66667,-125,0.00E+00,3.94E+00,1.07E+00,4.54E+00
1322,13.3333,-125,0.00E+00,4.24E+00,1.24E+00,4.98E+00
1323,20,-125,0.00E+00,4.49E+00,1.38E+00,5.37E+00
1324,26.6667,-125,0.00E+00,4.67E+00,1.47E+00,5.70E+00
1325,33.3333,-125,0.00E+00,4.76E+00,1.53E+00,5.95E+00
1326,40,-125,0.00E+00,4.74E+00,1.55E+00,6.12E+00
1327,46.6667,-125,0.00E+00,4.62E+00,1.53E+00,6.18E+00
1328,53.3333,-125,0.00E+00,4.41E+00,1.47E+00,6.15E+00
1329,60,-125,0.00E+00,4.10E+00,1.39E+00,6.03E+00
1330,66.6667,-125,0.00E+00,3.72E+00,1.27E+00,5.82E+00
1331,73.3333,-125,0.00E+00,3.28E+00,1.13E+00,5.53E+00
1332,80,-125,0.00E+00,2.79E+00,9.73E-01,5.17E+00
1333,86.6667,-125,0.00E+00,2.26E+00,7.91E-01,4.73E+00
1334,93.3333,-125,0.00E+00,1.71E+00,5.94E-01,4.22E+00
1335,100,-125,0.00E+00,1.15E+00,3.94E-01,3.65E+00
1336,100,-118.75,2.52E-03,1.25E+00,2.92E-01,3.74E+00
1337,100,-112.5,8.86E-03,1.46E+00,3.72E-01,3.93E+00
1338,100,-106.25,1.73E-02,1.66E+00,6.60E-01,4.10E+00
1339,-2.34E-05,-118.751,6.10E-03,3.08E+00,8.54E-01,3.61E+00
1340,-8.69E-05,-112.502,2.35E-02,2.11E+00,7.77E-01,2.71E+00
1341,-0.000190555,-106.252,5.09E-02,1.26E+00,6.17E-01,1.93E+00
1342,-53.3332,-118.75,1.45E-03,5.91E-01,8.97E-01,6.94E-01
1343,-53.3332,-112.5,6.23E-03,3.32E-01,7.01E-01,5.02E-01
1344,-53.3332,-106.25,1.50E-02,2.10E-01,5.63E-01,4.37E-01
1345,-79.9999,-118.75,6.13E-05,1.11E-01,1.59E+00,1.89E-01
1346,-79.9998,-112.5,7.96E-04,7.37E-02,1.41E+00,2.37E-01
1347,-79.9997,-106.25,2.91E-03,1.17E-01,1.23E+00,3.13E-01
1348,-86.6664,-112.5,1.02E-04,8.74E-02,1.52E+00,2.05E-01
1349,-93.333,-112.5,-2.99E-04,1.07E-01,1.60E+00,1.73E-01
1350,-86.6666,-118.75,-9.54E-05,1.32E-01,1.69E+00,1.79E-01
1351,-93.3332,-118.75,-1.69E-04,1.45E-01,1.74E+00,1.65E-01
1352,-86.6664,-106.25,1.21E-03,9.22E-02,1.34E+00,2.57E-01
1353,-93.3329,-106.25,1.02E-04,7.90E-02,1.43E+00,2.01E-01
1354,-66.6666,-118.75,6.17E-04,2.17E-01,1.29E+00,3.21E-01
1355,-66.6665,-112.5,3.03E-03,1.12E-01,1.09E+00,3.16E-01
1356,-66.6665,-106.25,7.99E-03,1.47E-01,9.26E-01,3.87E-01
1357,-73.3332,-112.5,1.78E-03,7.50E-02,1.26E+00,2.70E-01
1358,-73.3332,-118.75,3.01E-04,1.25E-01,1.45E+00,2.26E-01
1359,-73.333,-106.25,5.18E-03,1.34E-01,1.09E+00,3.57E-01
1360,-59.9999,-112.5,4.53E-03,1.99E-01,9.01E-01,3.89E-01
1361,-59.9999,-118.75,1.00E-03,3.80E-01,1.10E+00,4.79E-01
1362,-59.9998,-106.25,1.13E-02,1.71E-01,7.49E-01,4.09E-01
1363,-26.6667,-118.75,3.64E-03,1.74E+00,1.26E-01,1.96E+00
1364,-26.6667,-112.501,1.45E-02,1.13E+00,1.52E-01,1.38E+00
1365,-26.6668,-106.251,3.26E-02,5.58E-01,1.88E-01,8.60E-01
1366,-39.9999,-118.75,2.48E-03,1.12E+00,4.54E-01,1.26E+00
1367,-39.9999,-112.501,1.01E-02,6.89E-01,2.80E-01,8.62E-01
1368,-40,-106.251,2.33E-02,3.29E-01,1.83E-01,5.67E-01
1369,-46.6665,-112.5,8.11E-03,4.97E-01,4.92E-01,6.60E-01
1370,-46.6665,-118.75,1.94E-03,8.40E-01,6.79E-01,9.56E-01
1371,-46.6665,-106.251,1.90E-02,2.60E-01,3.71E-01,4.86E-01
1372,-33.3334,-112.501,1.23E-02,9.02E-01,1.18E-01,1.10E+00
1373,-33.3334,-118.75,3.05E-03,1.42E+00,2.27E-01,1.59E+00
1374,-33.3334,-106.251,2.79E-02,4.28E-01,9.86E-02,6.91E-01
1375,-13.3333,-118.751,4.88E-03,2.41E+00,4.64E-01,2.76E+00
1376,-13.3334,-112.501,1.91E-02,1.61E+00,5.11E-01,2.00E+00
1377,-13.3335,-106.252,4.21E-02,8.79E-01,4.69E-01,1.32E+00
1378,-20,-112.501,1.68E-02,1.37E+00,3.35E-01,1.68E+00
1379,-20,-118.751,4.26E-03,2.08E+00,2.48E-01,2.35E+00
1380,-20.0001,-106.252,3.73E-02,7.10E-01,3.42E-01,1.07E+00
1381,-6.66671,-112.501,2.13E-02,1.86E+00,6.60E-01,2.35E+00
1382,-6.66666,-118.751,5.50E-03,2.75E+00,6.69E-01,3.18E+00
1383,-6.66683,-106.252,4.66E-02,1.06E+00,5.63E-01,1.61E+00
1384,46.6666,-118.751,7.65E-03,4.11E+00,1.21E+00,5.74E+00
1385,46.6666,-112.502,2.82E-02,3.19E+00,6.16E-01,4.98E+00
1386,46.6667,-106.253,5.84E-02,2.50E+00,2.57E-01,4.43E+00
1387,20,-118.751,7.51E-03,3.90E+00,1.22E+00,4.82E+00
1388,19.9999,-112.502,2.83E-02,2.80E+00,8.94E-01,3.84E+00
1389,19.9999,-106.253,5.99E-02,1.90E+00,5.28E-01,3.06E+00
1390,13.3332,-112.502,2.70E-02,2.59E+00,8.94E-01,3.47E+00
1391,6.66657,-112.502,2.54E-02,2.36E+00,8.56E-01,3.08E+00
1392,13.3333,-118.751,7.13E-03,3.66E+00,1.13E+00,4.44E+00
1393,6.66663,-118.751,6.65E-03,3.39E+00,1.01E+00,4.03E+00
1394,13.3332,-106.253,5.77E-02,1.69E+00,5.95E-01,2.66E+00
1395,6.66648,-106.253,5.46E-02,1.47E+00,6.27E-01,2.29E+00
1396,33.3333,-118.751,7.87E-03,4.17E+00,1.28E+00,5.43E+00
1397,33.3333,-112.502,2.93E-02,3.12E+00,7.97E-01,4.52E+00
1398,33.3333,-106.253,6.13E-02,2.29E+00,3.26E-01,3.82E+00
1399,26.6666,-112.502,2.90E-02,2.98E+00,8.60E-01,4.20E+00
1400,26.6666,-118.751,7.76E-03,4.07E+00,1.27E+00,5.16E+00
1401,26.6665,-106.253,6.12E-02,2.11E+00,4.35E-01,3.45E+00
1402,39.9999,-112.502,2.90E-02,3.19E+00,7.14E-01,4.78E+00
1403,40,-118.751,7.83E-03,4.18E+00,1.26E+00,5.63E+00
1404,40,-106.253,6.04E-02,2.42E+00,2.62E-01,4.16E+00
1405,73.3333,-118.751,5.75E-03,3.01E+00,7.70E-01,5.33E+00
1406,73.3333,-112.501,2.08E-02,2.57E+00,2.86E-01,4.99E+00
1407,73.3335,-106.252,4.21E-02,2.28E+00,3.93E-01,4.79E+00
1408,60,-118.751,6.91E-03,3.70E+00,1.03E+00,5.70E+00
1409,60,-112.502,2.52E-02,3.00E+00,3.86E-01,5.14E+00
1410,60.0001,-106.252,5.17E-02,2.49E+00,2.52E-01,4.76E+00
1411,53.3333,-112.502,2.69E-02,3.13E+00,5.05E-01,5.10E+00
1412,53.3333,-118.751,7.34E-03,3.94E+00,1.13E+00,5.76E+00
1413,53.3334,-106.252,5.55E-02,2.52E+00,2.57E-01,4.63E+00
1414,66.6666,-112.501,2.32E-02,2.81E+00,3.07E-01,5.10E+00
1415,66.6666,-118.751,6.37E-03,3.38E+00,9.10E-01,5.55E+00
1416,66.6668,-106.252,4.72E-02,2.40E+00,2.93E-01,4.81E+00
1417,86.6666,-118.751,4.26E-03,2.16E+00,4.45E-01,4.66E+00
1418,86.6667,-112.501,1.52E-02,2.03E+00,2.55E-01,4.58E+00
1419,86.6668,-106.251,3.03E-02,1.99E+00,5.92E-01,4.56E+00
1420,80,-112.501,1.81E-02,2.31E+00,2.73E-01,4.82E+00
1421,80,-118.751,5.04E-03,2.60E+00,6.13E-01,5.03E+00
1422,80.0001,-106.251,3.64E-02,2.14E+00,5.01E-01,4.71E+00
1423,93.3334,-112.501,1.21E-02,1.74E+00,2.92E-01,4.28E+00
1424,93.3333,-118.75,3.41E-03,1.71E+00,3.36E-01,4.23E+00
1425,93.3335,-106.251,2.39E-02,1.83E+00,6.52E-01,4.36E+00
1426,99.9996,106.25,-4.57E-04,9.21E-02,1.47E+00,1.62E-01
1427,99.9997,112.5,-4.36E-04,1.25E-01,1.62E+00,1.47E-01
1428,99.9998,118.75,-1.70E-04,1.47E-01,1.75E+00,1.46E-01
1429,100,125,0.00E+00,1.59E-01,1.80E+00,1.53E-01
1430,93.3333,125,0.00E+00,1.69E-01,1.81E+00,1.70E-01
1431,86.6667,125,0.00E+00,1.59E-01,1.76E+00,1.71E-01
1432,80,125,0.00E+00,1.32E-01,1.68E+00,1.66E-01
1433,73.3333,125,0.00E+00,1.44E-01,1.55E+00,2.05E-01
1434,66.6667,125,0.00E+00,2.56E-01,1.39E+00,3.29E-01
1435,60,125,0.00E+00,4.53E-01,1.21E+00,5.33E-01
1436,53.3333,125,0.00E+00,7.05E-01,1.01E+00,7.97E-01
1437,46.6667,125,0.00E+00,9.98E-01,7.89E-01,1.11E+00
1438,40,125,0.00E+00,1.32E+00,5.58E-01,1.46E+00
1439,33.3333,125,0.00E+00,1.68E+00,3.20E-01,1.84E+00
1440,26.6667,125,0.00E+00,2.05E+00,1.36E-01,2.26E+00
1441,20,125,0.00E+00,2.43E+00,1.86E-01,2.69E+00
1442,13.3333,125,0.00E+00,2.82E+00,4.20E-01,3.15E+00
1443,6.66667,125,0.00E+00,3.21E+00,6.53E-01,3.61E+00
1444,0,125,0.00E+00,3.59E+00,8.72E-01,4.08E+00
1445,-6.66667,125,0.00E+00,3.93E+00,1.07E+00,4.54E+00
1446,-13.3333,125,0.00E+00,4.24E+00,1.24E+00,4.98E+00
1447,-20,125,0.00E+00,4.49E+00,1.38E+00,5.37E+00
1448,-26.6667,125,0.00E+00,4.67E+00,1.47E+00,5.70E+00
1449,-33.3333,125,0.00E+00,4.76E+00,1.53E+00,5.95E+00
1450,-40,125,0.00E+00,4.74E+00,1.55E+00,6.12E+00
1451,-46.6667,125,0.00E+00,4.62E+00,1.53E+00,6.18E+00
1452,-53.3333,125,0.00E+00,4.41E+00,1.47E+00,6.16E+00
1453,-60,125,0.00E+00,4.10E+00,1.39E+00,6.03E+00
1454,-66.6667,125,0.00E+00,3.72E+00,1.27E+00,5.82E+00
1455,-73.3333,125,0.00E+00,3.28E+00,1.13E+00,5.53E+00
1456,-80,125,0.00E+00,2.79E+00,9.73E-01,5.17E+00
1457,-86.6667,125,0.00E+00,2.26E+00,7.92E-01,4.73E+00
1458,-93.3333,125,0.00E+00,1.71E+00,5.95E-01,4.22E+00
1459,-100,125,0.00E+00,1.15E+00,3.93E-01,3.65E+00
1460,-100,118.75,2.53E-03,1.25E+00,2.92E-01,3.75E+00
1461,-100,112.5,8.87E-03,1.46E+00,3.73E-01,3.93E+00
1462,-100,106.25,1.73E-02,1.66E+00,6.61E-01,4.10E+00
1463,2.14E-05,118.751,6.10E-03,3.08E+00,8.54E-01,3.61E+00
1464,8.49E-05,112.502,2.35E-02,2.11E+00,7.77E-01,2.71E+00
1465,0.000188564,106.252,5.09E-02,1.26E+00,6.17E-01,1.93E+00
1466,53.3332,118.75,1.45E-03,5.91E-01,8.97E-01,6.94E-01
1467,53.3332,112.5,6.23E-03,3.32E-01,7.01E-01,5.02E-01
1468,53.3332,106.25,1.50E-02,2.10E-01,5.63E-01,4.37E-01
1469,79.9999,118.75,6.07E-05,1.11E-01,1.59E+00,1.89E-01
1470,79.9998,112.5,7.94E-04,7.37E-02,1.40E+00,2.37E-01
1471,79.9997,106.25,2.91E-03,1.17E-01,1.23E+00,3.13E-01
1472,86.6664,112.5,9.91E-05,8.72E-02,1.52E+00,2.05E-01
1473,93.3331,112.5,-3.03E-04,1.07E-01,1.60E+00,1.73E-01
1474,86.6665,118.75,-9.64E-05,1.32E-01,1.69E+00,1.79E-01
1475,93.3332,118.75,-1.71E-04,1.45E-01,1.74E+00,1.65E-01
1476,86.6663,106.25,1.20E-03,9.24E-02,1.34E+00,2.58E-01
1477,93.333,106.25,9.36E-05,7.88E-02,1.42E+00,2.02E-01
1478,66.6666,118.75,6.17E-04,2.17E-01,1.29E+00,3.20E-01
1479,66.6665,112.5,3.03E-03,1.12E-01,1.09E+00,3.15E-01
1480,66.6665,106.25,7.99E-03,1.47E-01,9.26E-01,3.87E-01
1481,73.3331,112.5,1.78E-03,7.49E-02,1.26E+00,2.70E-01
1482,73.3332,118.75,3.00E-04,1.25E-01,1.45E+00,2.25E-01
1483,73.3331,106.25,5.18E-03,1.34E-01,1.09E+00,3.57E-01
1484,59.9999,112.5,4.53E-03,1.99E-01,9.01E-01,3.89E-01
1485,59.9999,118.75,1.00E-03,3.80E-01,1.10E+00,4.79E-01
1486,59.9998,106.25,1.13E-02,1.71E-01,7.49E-01,4.09E-01
1487,26.6666,118.75,3.64E-03,1.74E+00,1.26E-01,1.96E+00
1488,26.6667,112.501,1.45E-02,1.13E+00,1.52E-01,1.38E+00
1489,26.6668,106.251,3.26E-02,5.58E-01,1.88E-01,8.60E-01
1490,39.9999,118.75,2.48E-03,1.12E+00,4.54E-01,1.26E+00
1491,39.9999,112.501,1.01E-02,6.89E-01,2.80E-01,8.62E-01
1492,40,106.251,2.33E-02,3.29E-01,1.83E-01,5.67E-01
1493,46.6666,112.5,8.11E-03,4.97E-01,4.92E-01,6.60E-01
1494,46.6666,118.75,1.94E-03,8.40E-01,6.79E-01,9.56E-01
1495,46.6666,106.251,1.90E-02,2.60E-01,3.71E-01,4.86E-01
1496,33.3333,112.501,1.23E-02,9.02E-01,1.18E-01,1.10E+00
1497,33.3333,118.75,3.05E-03,1.42E+00,2.27E-01,1.59E+00
1498,33.3334,106.251,2.79E-02,4.28E-01,9.86E-02,6.91E-01
1499,13.3333,118.751,4.88E-03,2.41E+00,4.64E-01,2.76E+00
1500,13.3334,112.501,1.91E-02,1.61E+00,5.11E-01,2.00E+00
1501,13.3335,106.252,4.21E-02,8.80E-01,4.69E-01,1.32E+00
1502,20,112.501,1.68E-02,1.37E+00,3.35E-01,1.68E+00
1503,20,118.751,4.26E-03,2.08E+00,2.48E-01,2.35E+00
1504,20.0001,106.252,3.73E-02,7.10E-01,3.42E-01,1.07E+00
1505,6.66673,112.501,2.13E-02,1.86E+00,6.60E-01,2.35E+00
1506,6.66668,118.751,5.50E-03,2.75E+00,6.69E-01,3.18E+00
1507,6.66684,106.252,4.66E-02,1.06E+00,5.63E-01,1.61E+00
1508,-46.6666,118.751,7.66E-03,4.11E+00,1.21E+00,5.74E+00
1509,-46.6667,112.502,2.82E-02,3.19E+00,6.16E-01,4.98E+00
1510,-46.6667,106.253,5.84E-02,2.50E+00,2.57E-01,4.43E+00
1511,-20,118.751,7.51E-03,3.90E+00,1.22E+00,4.82E+00
1512,-19.9999,112.502,2.83E-02,2.80E+00,8.94E-01,3.84E+00
1513,-19.9999,106.253,5.99E-02,1.90E+00,5.28E-01,3.06E+00
1514,-13.3333,112.502,2.70E-02,2.59E+00,8.94E-01,3.47E+00
1515,-6.66656,112.502,2.54E-02,2.36E+00,8.56E-01,3.08E+00
1516,-13.3333,118.751,7.13E-03,3.66E+00,1.13E+00,4.44E+00
1517,-6.66663,118.751,6.65E-03,3.39E+00,1.01E+00,4.03E+00
1518,-13.3331,106.253,5.77E-02,1.69E+00,5.95E-01,2.66E+00
1519,-6.66647,106.253,5.46E-02,1.47E+00,6.27E-01,2.29E+00
1520,-33.3333,118.751,7.87E-03,4.17E+00,1.28E+00,5.43E+00
1521,-33.3332,112.502,2.93E-02,3.12E+00,7.97E-01,4.52E+00
1522,-33.3332,106.253,6.13E-02,2.29E+00,3.26E-01,3.83E+00
1523,-26.6665,112.502,2.90E-02,2.98E+00,8.60E-01,4.20E+00
1524,-26.6666,118.751,7.76E-03,4.07E+00,1.27E+00,5.16E+00
1525,-26.6665,106.253,6.12E-02,2.11E+00,4.35E-01,3.45E+00
1526,-39.9999,112.502,2.90E-02,3.19E+00,7.14E-01,4.78E+00
1527,-40,118.751,7.84E-03,4.18E+00,1.26E+00,5.63E+00
1528,-40,106.253,6.04E-02,2.42E+00,2.62E-01,4.16E+00
1529,-73.3333,118.751,5.75E-03,3.01E+00,7.70E-01,5.33E+00
1530,-73.3333,112.501,2.08E-02,2.57E+00,2.86E-01,4.99E+00
1531,-73.3334,106.252,4.21E-02,2.28E+00,3.94E-01,4.79E+00
1532,-60,118.751,6.91E-03,3.70E+00,1.03E+00,5.70E+00
1533,-60,112.502,2.52E-02,2.99E+00,3.86E-01,5.14E+00
1534,-60.0001,106.252,5.17E-02,2.49E+00,2.53E-01,4.76E+00
1535,-53.3334,112.502,2.69E-02,3.13E+00,5.05E-01,5.10E+00
1536,-53.3334,118.751,7.34E-03,3.94E+00,1.13E+00,5.76E+00
1537,-53.3334,106.252,5.55E-02,2.52E+00,2.57E-01,4.63E+00
1538,-66.6666,112.501,2.32E-02,2.81E+00,3.07E-01,5.10E+00
1539,-66.6666,118.751,6.37E-03,3.38E+00,9.10E-01,5.55E+00
1540,-66.6668,106.252,4.72E-02,2.40E+00,2.93E-01,4.81E+00
1541,-86.6667,118.751,4.26E-03,2.16E+00,4.45E-01,4.66E+00
1542,-86.6667,112.501,1.52E-02,2.03E+00,2.55E-01,4.58E+00
1543,-86.6669,106.251,3.03E-02,1.99E+00,5.93E-01,4.57E+00
1544,-80,112.501,1.81E-02,2.31E+00,2.74E-01,4.82E+00
1545,-80,118.751,5.04E-03,2.60E+00,6.13E-01,5.03E+00
1546,-80.0001,106.251,3.64E-02,2.14E+00,5.02E-01,4.71E+00
1547,-93.3334,112.501,1.21E-02,1.74E+00,2.93E-01,4.28E+00
1548,-93.3333,118.75,3.42E-03,1.70E+00,3.37E-01,4.23E+00
1549,-93.3335,106.251,2.39E-02,1.83E+00,6.54E-01,4.36E+00
1550,106.25,125,0.00E+00,1.44E-01,1.74E+00,1.34E-01
1551,112.5,125,0.00E+00,1.28E-01,1.62E+00,1.17E-01
1552,118.75,125,0.00E+00,9.81E-02,1.37E+00,9.28E-02
1553,125,125,0.00E+00,7.77E-02,1.19E+00,7.58E-02
1554,125,118.75,0.00E+00,9.81E-02,1.37E+00,9.28E-02
1555,125,112.5,0.00E+00,1.28E-01,1.62E+00,1.17E-01
1556,125,106.25,0.00E+00,1.44E-01,1.74E+00,1.32E-01
1557,125,100,0.00E+00,1.57E-01,1.80E+00,1.51E-01
1558,125,93.3333,0.00E+00,1.66E-01,1.81E+00,1.67E-01
1559,125,86.6667,0.00E+00,1.56E-01,1.76E+00,1.70E-01
1560,125,80,0.00E+00,1.31E-01,1.68E+00,1.66E-01
1561,125,73.3333,0.00E+00,1.45E-01,1.55E+00,2.05E-01
1562,125,66.6667,0.00E+00,2.56E-01,1.39E+00,3.29E-01
1563,125,60,0.00E+00,4.52E-01,1.21E+00,5.33E-01
1564,125,53.3333,0.00E+00,7.03E-01,1.01E+00,7.96E-01
1565,125,46.6667,0.00E+00,9.96E-01,7.89E-01,1.11E+00
1566,125,40,0.00E+00,1.32E+00,5.59E-01,1.46E+00
1567,125,33.3333,0.00E+00,1.67E+00,3.22E-01,1.84E+00
1568,125,26.6667,0.00E+00,2.04E+00,1.36E-01,2.25E+00
1569,125,20,0.00E+00,2.43E+00,1.84E-01,2.69E+00
1570,125,13.3333,0.00E+00,2.82E+00,4.17E-01,3.14E+00
1571,125,6.66667,0.00E+00,3.20E+00,6.49E-01,3.61E+00
1572,125,5.33E-14,0.00E+00,3.58E+00,8.67E-01,4.08E+00
1573,125,-6.66667,0.00E+00,3.93E+00,1.07E+00,4.54E+00
1574,125,-13.3333,0.00E+00,4.24E+00,1.23E+00,4.97E+00
1575,125,-20,0.00E+00,4.49E+00,1.37E+00,5.36E+00
1576,125,-26.6667,0.00E+00,4.66E+00,1.47E+00,5.69E+00
1577,125,-33.3333,0.00E+00,4.75E+00,1.52E+00,5.95E+00
1578,125,-40,0.00E+00,4.73E+00,1.54E+00,6.11E+00
1579,125,-46.6667,0.00E+00,4.62E+00,1.52E+00,6.18E+00
1580,125,-53.3333,0.00E+00,4.40E+00,1.46E+00,6.15E+00
1581,125,-60,0.00E+00,4.10E+00,1.38E+00,6.03E+00
1582,125,-66.6667,0.00E+00,3.72E+00,1.27E+00,5.82E+00
1583,125,-73.3333,0.00E+00,3.28E+00,1.13E+00,5.53E+00
1584,125,-80,0.00E+00,2.79E+00,9.69E-01,5.17E+00
1585,125,-86.6667,0.00E+00,2.26E+00,7.89E-01,4.73E+00
1586,125,-93.3333,0.00E+00,1.71E+00,5.93E-01,4.22E+00
1587,125,-100,0.00E+00,1.16E+00,3.92E-01,3.67E+00
1588,125,-106.25,0.00E+00,6.22E-01,2.08E-01,3.06E+00
1589,125,-112.5,0.00E+00,2.40E-01,9.10E-02,2.40E+00
1590,125,-118.75,0.00E+00,2.84E-01,5.38E-02,1.66E+00
1591,125,-125,0.00E+00,4.47E-01,4.90E-02,1.26E+00
1592,118.75,-125,0.00E+00,2.91E-01,5.36E-02,1.66E+00
1593,112.5,-125,0.00E+00,2.39E-01,9.05E-02,2.39E+00
1594,106.25,-125,0.00E+00,6.05E-01,2.09E-01,3.04E+00
1595,118.751,1.80E-05,6.16E-03,3.07E+00,8.48E-01,3.60E+00
1596,112.502,8.08E-05,2.36E-02,2.11E+00,7.71E-01,2.71E+00
1597,106.252,0.000185688,5.10E-02,1.26E+00,6.15E-01,1.93E+00
1598,118.75,66.6666,6.00E-04,2.17E-01,1.29E+00,3.20E-01
1599,112.5,66.6665,3.01E-03,1.11E-01,1.09E+00,3.15E-01
1600,106.25,66.6665,7.98E-03,1.48E-01,9.25E-01,3.88E-01
1601,118.75,99.7935,-1.80E-04,1.46E-01,1.75E+00,1.45E-01
1602,112.5,99.7933,-4.45E-04,1.25E-01,1.62E+00,1.48E-01
1603,106.25,99.7932,-4.54E-04,9.20E-02,1.47E+00,1.62E-01
1604,112.5,106.165,-3.76E-04,1.33E-01,1.60E+00,1.28E-01
1605,112.5,112.5,-2.06E-04,1.25E-01,1.56E+00,1.09E-01
1606,112.5,118.75,-5.43E-05,1.23E-01,1.58E+00,1.08E-01
1607,118.75,112.5,-5.49E-05,1.23E-01,1.58E+00,1.08E-01
1608,118.743,106.179,-1.26E-04,1.40E-01,1.70E+00,1.27E-01
1609,118.75,118.75,-8.25E-06,1.05E-01,1.43E+00,9.56E-02
1610,106.25,112.5,-3.70E-04,1.33E-01,1.60E+00,1.27E-01
1611,106.257,106.179,-5.50E-04,1.18E-01,1.52E+00,1.41E-01
1612,106.25,118.75,-1.21E-04,1.40E-01,1.70E+00,1.27E-01
1613,118.75,86.6665,-1.13E-04,1.31E-01,1.69E+00,1.78E-01
1614,112.5,86.6664,7.91E-05,8.74E-02,1.52E+00,2.05E-01
1615,106.25,86.6663,1.19E-03,9.30E-02,1.34E+00,2.58E-01
1616,112.5,93.2481,-3.15E-04,1.07E-01,1.60E+00,1.73E-01
1617,118.756,93.2623,-1.83E-04,1.44E-01,1.74E+00,1.64E-01
1618,106.243,93.2621,9.12E-05,7.90E-02,1.42E+00,2.02E-01
1619,112.5,73.3331,1.76E-03,7.50E-02,1.26E+00,2.70E-01
1620,112.5,79.9998,7.71E-04,7.37E-02,1.40E+00,2.37E-01
1621,118.75,73.3332,2.82E-04,1.25E-01,1.45E+00,2.26E-01
1622,118.75,79.9999,4.21E-05,1.10E-01,1.59E+00,1.89E-01
1623,106.25,73.3331,5.17E-03,1.35E-01,1.09E+00,3.58E-01
1624,106.25,79.9997,2.89E-03,1.18E-01,1.23E+00,3.14E-01
1625,118.75,33.3333,3.06E-03,1.42E+00,2.28E-01,1.59E+00
1626,112.501,33.3333,1.23E-02,9.01E-01,1.18E-01,1.10E+00
1627,106.251,33.3334,2.79E-02,4.28E-01,9.85E-02,6.91E-01
1628,118.75,53.3332,1.44E-03,5.90E-01,8.97E-01,6.93E-01
1629,112.5,53.3332,6.22E-03,3.31E-01,7.01E-01,5.01E-01
1630,106.25,53.3332,1.50E-02,2.10E-01,5.61E-01,4.38E-01
1631,112.5,59.9999,4.51E-03,1.98E-01,9.01E-01,3.88E-01
1632,118.75,59.9999,9.89E-04,3.79E-01,1.10E+00,4.79E-01
1633,106.25,59.9998,1.13E-02,1.72E-01,7.48E-01,4.10E-01
1634,112.501,39.9999,1.02E-02,6.89E-01,2.81E-01,8.61E-01
1635,112.5,46.6666,8.11E-03,4.97E-01,4.93E-01,6.59E-01
1636,118.75,39.9999,2.48E-03,1.12E+00,4.55E-01,1.26E+00
1637,118.75,46.6666,1.94E-03,8.39E-01,6.80E-01,9.54E-01
1638,106.251,40,2.34E-02,3.30E-01,1.82E-01,5.67E-01
1639,106.251,46.6666,1.90E-02,2.60E-01,3.70E-01,4.86E-01
1640,118.751,20,4.29E-03,2.07E+00,2.45E-01,2.34E+00
1641,112.501,20,1.69E-02,1.37E+00,3.32E-01,1.67E+00
1642,106.252,20.0001,3.74E-02,7.09E-01,3.42E-01,1.07E+00
1643,112.501,26.6667,1.46E-02,1.13E+00,1.50E-01,1.37E+00
1644,118.75,26.6666,3.66E-03,1.74E+00,1.26E-01,1.96E+00
1645,106.251,26.6667,3.27E-02,5.57E-01,1.89E-01,8.60E-01
1646,112.501,6.66673,2.14E-02,1.86E+00,6.56E-01,2.34E+00
1647,112.501,13.3334,1.92E-02,1.61E+00,5.07E-01,2.00E+00
1648,118.751,6.66667,5.55E-03,2.75E+00,6.65E-01,3.17E+00
1649,118.751,13.3333,4.92E-03,2.41E+00,4.60E-01,2.75E+00
1650,106.252,6.66684,4.68E-02,1.06E+00,5.62E-01,1.61E+00
1651,106.252,13.3335,4.22E-02,8.78E-01,4.69E-01,1.32E+00
1652,118.751,-60,7.01E-03,3.70E+00,1.02E+00,5.70E+00
1653,112.502,-60,2.54E-02,3.00E+00,3.80E-01,5.14E+00
1654,106.252,-60.0001,5.19E-02,2.49E+00,2.51E-01,4.76E+00
1655,118.751,-26.6667,7.86E-03,4.07E+00,1.26E+00,5.16E+00
1656,112.502,-26.6666,2.92E-02,2.99E+00,8.51E-01,4.20E+00
1657,106.253,-26.6666,6.14E-02,2.11E+00,4.30E-01,3.46E+00
1658,118.751,-13.3333,7.21E-03,3.66E+00,1.13E+00,4.44E+00
1659,112.502,-13.3332,2.72E-02,2.59E+00,8.87E-01,3.47E+00
1660,106.253,-13.3331,5.79E-02,1.68E+00,5.92E-01,2.67E+00
1661,112.502,-6.66655,2.55E-02,2.36E+00,8.49E-01,3.08E+00
1662,118.751,-6.66662,6.72E-03,3.38E+00,1.00E+00,4.03E+00
1663,106.253,-6.66646,5.48E-02,1.47E+00,6.24E-01,2.29E+00
1664,112.502,-19.9999,2.84E-02,2.80E+00,8.86E-01,3.84E+00
1665,118.751,-20,7.60E-03,3.89E+00,1.21E+00,4.82E+00
1666,106.253,-19.9999,6.02E-02,1.90E+00,5.24E-01,3.06E+00
1667,118.751,-40,7.94E-03,4.18E+00,1.25E+00,5.63E+00
1668,112.502,-40,2.92E-02,3.19E+00,7.06E-01,4.79E+00
1669,106.253,-40,6.06E-02,2.42E+00,2.59E-01,4.16E+00
1670,112.502,-33.3333,2.95E-02,3.12E+00,7.89E-01,4.52E+00
1671,118.751,-33.3334,7.98E-03,4.17E+00,1.27E+00,5.43E+00
1672,106.253,-33.3333,6.15E-02,2.29E+00,3.21E-01,3.83E+00
1673,112.502,-53.3334,2.71E-02,3.13E+00,4.99E-01,5.10E+00
1674,112.502,-46.6666,2.84E-02,3.20E+00,6.08E-01,4.98E+00
1675,118.751,-53.3333,7.44E-03,3.94E+00,1.12E+00,5.77E+00
1676,118.751,-46.6667,7.76E-03,4.11E+00,1.20E+00,5.74E+00
1677,106.252,-53.3333,5.57E-02,2.52E+00,2.55E-01,4.64E+00
1678,106.253,-46.6667,5.86E-02,2.50E+00,2.55E-01,4.43E+00
1679,118.759,-93.2534,3.46E-03,1.71E+00,3.35E-01,4.24E+00
1680,112.501,-93.2331,1.22E-02,1.75E+00,2.91E-01,4.29E+00
1681,106.243,-93.2536,2.41E-02,1.83E+00,6.53E-01,4.36E+00
1682,118.751,-73.3333,5.83E-03,3.02E+00,7.65E-01,5.33E+00
1683,112.501,-73.3333,2.09E-02,2.57E+00,2.84E-01,5.00E+00
1684,106.252,-73.3334,4.22E-02,2.28E+00,3.94E-01,4.80E+00
1685,112.501,-66.6666,2.33E-02,2.81E+00,3.04E-01,5.11E+00
1686,118.751,-66.6666,6.46E-03,3.38E+00,9.04E-01,5.55E+00
1687,106.252,-66.6667,4.74E-02,2.40E+00,2.93E-01,4.82E+00
1688,112.501,-86.6365,1.53E-02,2.03E+00,2.55E-01,4.59E+00
1689,112.501,-80,1.82E-02,2.31E+00,2.72E-01,4.82E+00
1690,118.753,-86.6466,4.32E-03,2.17E+00,4.43E-01,4.67E+00
1691,118.751,-80,5.11E-03,2.61E+00,6.09E-01,5.03E+00
1692,106.248,-86.6468,3.04E-02,1.99E+00,5.93E-01,4.57E+00
1693,106.251,-80.0002,3.66E-02,2.14E+00,5.02E-01,4.71E+00
1694,118.742,-106.17,1.67E-03,8.23E-01,2.36E-01,3.22E+00
1695,112.5,-106.15,5.87E-03,1.19E+00,3.96E-01,3.53E+00
1696,106.259,-106.17,1.14E-02,1.47E+00,5.87E-01,3.81E+00
1697,112.5,-99.729,9.03E-03,1.47E+00,3.71E-01,3.94E+00
1698,118.75,-99.7525,2.58E-03,1.26E+00,2.90E-01,3.76E+00
1699,106.25,-99.7527,1.76E-02,1.67E+00,6.61E-01,4.10E+00
1700,112.5,-118.75,8.09E-04,4.62E-01,1.71E-01,2.62E+00
1701,112.5,-112.47,3.00E-03,8.66E-01,3.20E-01,3.08E+00
1702,118.75,-118.75,1.52E-04,3.04E-01,9.47E-02,1.99E+00
1703,118.747,-112.48,8.07E-04,4.63E-01,1.70E-01,2.63E+00
1704,106.25,-118.75,1.65E-03,8.11E-01,2.39E-01,3.21E+00
1705,106.253,-112.48,5.83E-03,1.19E+00,3.98E-01,3.52E+00
1706,-106.25,125,0.00E+00,6.08E-01,2.08E-01,3.05E+00
1707,-112.5,125,0.00E+00,2.37E-01,9.14E-02,2.40E+00
1708,-118.75,125,0.00E+00,2.88E-01,5.40E-02,1.66E+00
1709,-125,125,0.00E+00,4.49E-01,4.91E-02,1.26E+00
1710,-125,118.75,0.00E+00,2.93E-01,5.37E-02,1.66E+00
1711,-125,112.5,0.00E+00,2.41E-01,9.01E-02,2.39E+00
1712,-125,106.25,0.00E+00,6.10E-01,2.08E-01,3.05E+00
1713,-125,100,0.00E+00,1.15E+00,3.94E-01,3.66E+00
1714,-125,93.3333,0.00E+00,1.71E+00,5.96E-01,4.22E+00
1715,-125,86.6667,0.00E+00,2.26E+00,7.93E-01,4.73E+00
1716,-125,80,0.00E+00,2.79E+00,9.74E-01,5.17E+00
1717,-125,73.3333,0.00E+00,3.28E+00,1.14E+00,5.53E+00
1718,-125,66.6667,0.00E+00,3.73E+00,1.27E+00,5.83E+00
1719,-125,60,0.00E+00,4.11E+00,1.39E+00,6.04E+00
1720,-125,53.3333,0.00E+00,4.41E+00,1.47E+00,6.16E+00
1721,-125,46.6667,0.00E+00,4.63E+00,1.53E+00,6.19E+00
1722,-125,40,0.00E+00,4.74E+00,1.55E+00,6.12E+00
1723,-125,33.3333,0.00E+00,4.76E+00,1.53E+00,5.96E+00
1724,-125,26.6667,0.00E+00,4.67E+00,1.47E+00,5.70E+00
1725,-125,20,0.00E+00,4.50E+00,1.38E+00,5.37E+00
1726,-125,13.3333,0.00E+00,4.25E+00,1.24E+00,4.98E+00
1727,-125,6.66667,0.00E+00,3.94E+00,1.07E+00,4.55E+00
1728,-125,-5.33E-14,0.00E+00,3.59E+00,8.73E-01,4.09E+00
1729,-125,-6.66667,0.00E+00,3.21E+00,6.53E-01,3.62E+00
1730,-125,-13.3333,0.00E+00,2.82E+00,4.20E-01,3.15E+00
1731,-125,-20,0.00E+00,2.43E+00,1.86E-01,2.69E+00
1732,-125,-26.6667,0.00E+00,2.05E+00,1.36E-01,2.26E+00
1733,-125,-33.3333,0.00E+00,1.68E+00,3.20E-01,1.84E+00
1734,-125,-40,0.00E+00,1.33E+00,5.58E-01,1.46E+00
1735,-125,-46.6667,0.00E+00,9.99E-01,7.89E-01,1.11E+00
1736,-125,-53.3333,0.00E+00,7.05E-01,1.01E+00,7.97E-01
1737,-125,-60,0.00E+00,4.53E-01,1.21E+00,5.34E-01
1738,-125,-66.6667,0.00E+00,2.56E-01,1.40E+00,3.29E-01
1739,-125,-73.3333,0.00E+00,1.45E-01,1.55E+00,2.05E-01
1740,-125,-80,0.00E+00,1.31E-01,1.68E+00,1.66E-01
1741,-125,-86.6667,0.00E+00,1.58E-01,1.76E+00,1.71E-01
1742,-125,-93.3333,0.00E+00,1.68E-01,1.81E+00,1.70E-01
1743,-125,-100,0.00E+00,1.58E-01,1.80E+00,1.53E-01
1744,-125,-106.25,0.00E+00,1.44E-01,1.74E+00,1.33E-01
1745,-125,-112.5,0.00E+00,1.28E-01,1.62E+00,1.17E-01
1746,-125,-118.75,0.00E+00,9.81E-02,1.37E+00,9.29E-02
1747,-125,-125,0.00E+00,7.77E-02,1.19E+00,7.58E-02
1748,-118.75,-125,0.00E+00,9.81E-02,1.37E+00,9.29E-02
1749,-112.5,-125,0.00E+00,1.28E-01,1.62E+00,1.17E-01
1750,-106.25,-125,0.00E+00,1.43E-01,1.74E+00,1.33E-01
1751,-118.751,-2.34E-05,6.10E-03,3.08E+00,8.55E-01,3.61E+00
1752,-112.502,-8.71E-05,2.35E-02,2.12E+00,7.78E-01,2.71E+00
1753,-106.252,-0.000190856,5.09E-02,1.26E+00,6.20E-01,1.93E+00
1754,-118.751,66.6666,6.38E-03,3.39E+00,9.10E-01,5.55E+00
1755,-112.501,66.6667,2.32E-02,2.81E+00,3.07E-01,5.10E+00
1756,-106.252,66.6668,4.72E-02,2.40E+00,2.92E-01,4.81E+00
1757,-118.75,99.7936,2.55E-03,1.25E+00,2.92E-01,3.75E+00
1758,-112.5,99.7937,8.96E-03,1.47E+00,3.71E-01,3.94E+00
1759,-106.25,99.7938,1.75E-02,1.67E+00,6.61E-01,4.10E+00
1760,-112.5,106.165,5.85E-03,1.19E+00,3.97E-01,3.53E+00
1761,-112.5,112.5,2.98E-03,8.63E-01,3.19E-01,3.08E+00
1762,-112.5,118.75,8.01E-04,4.58E-01,1.70E-01,2.62E+00
1763,-118.75,112.5,8.07E-04,4.62E-01,1.71E-01,2.62E+00
1764,-118.743,106.179,1.66E-03,8.15E-01,2.38E-01,3.22E+00
1765,-118.75,118.75,1.51E-04,3.06E-01,9.46E-02,1.98E+00
1766,-106.25,112.5,5.81E-03,1.18E+00,3.96E-01,3.52E+00
1767,-106.257,106.179,1.13E-02,1.47E+00,5.87E-01,3.81E+00
1768,-106.25,118.75,1.65E-03,8.11E-01,2.37E-01,3.21E+00
1769,-118.751,86.6666,4.26E-03,2.16E+00,4.46E-01,4.66E+00
1770,-112.501,86.6667,1.52E-02,2.03E+00,2.56E-01,4.58E+00
1771,-106.251,86.6668,3.03E-02,1.99E+00,5.94E-01,4.57E+00
1772,-112.501,93.2484,1.22E-02,1.75E+00,2.92E-01,4.29E+00
1773,-118.757,93.2624,3.42E-03,1.71E+00,3.37E-01,4.24E+00
1774,-106.244,93.2626,2.40E-02,1.83E+00,6.54E-01,4.36E+00
1775,-112.501,73.3333,2.08E-02,2.57E+00,2.86E-01,5.00E+00
1776,-112.501,80,1.81E-02,2.31E+00,2.74E-01,4.82E+00
1777,-118.751,73.3333,5.75E-03,3.02E+00,7.70E-01,5.33E+00
1778,-118.751,80,5.04E-03,2.60E+00,6.14E-01,5.03E+00
1779,-106.252,73.3335,4.21E-02,2.28E+00,3.93E-01,4.80E+00
1780,-106.251,80.0001,3.64E-02,2.14E+00,5.02E-01,4.71E+00
1781,-118.751,33.3333,7.88E-03,4.17E+00,1.28E+00,5.44E+00
1782,-112.502,33.3333,2.93E-02,3.12E+00,7.98E-01,4.52E+00
1783,-106.253,33.3333,6.14E-02,2.29E+00,3.27E-01,3.83E+00
1784,-118.751,53.3333,7.35E-03,3.95E+00,1.13E+00,5.77E+00
1785,-112.502,53.3333,2.70E-02,3.13E+00,5.05E-01,5.10E+00
1786,-106.252,53.3334,5.55E-02,2.53E+00,2.56E-01,4.63E+00
1787,-112.502,60,2.53E-02,3.00E+00,3.85E-01,5.14E+00
1788,-118.751,60,6.91E-03,3.70E+00,1.03E+00,5.70E+00
1789,-106.252,60.0001,5.17E-02,2.49E+00,2.51E-01,4.76E+00
1790,-112.502,39.9999,2.90E-02,3.19E+00,7.14E-01,4.78E+00
1791,-112.502,46.6666,2.82E-02,3.20E+00,6.16E-01,4.98E+00
1792,-118.751,40,7.84E-03,4.19E+00,1.26E+00,5.63E+00
1793,-118.751,46.6666,7.66E-03,4.11E+00,1.21E+00,5.75E+00
1794,-106.253,40,6.04E-02,2.43E+00,2.62E-01,4.16E+00
1795,-106.253,46.6667,5.84E-02,2.51E+00,2.56E-01,4.43E+00
1796,-118.751,20,7.51E-03,3.90E+00,1.22E+00,4.83E+00
1797,-112.502,19.9999,2.83E-02,2.81E+00,8.95E-01,3.84E+00
1798,-106.253,19.9999,6.00E-02,1.91E+00,5.31E-01,3.06E+00
1799,-112.502,26.6666,2.90E-02,2.99E+00,8.60E-01,4.20E+00
1800,-118.751,26.6666,7.76E-03,4.07E+00,1.27E+00,5.16E+00
1801,-106.253,26.6665,6.12E-02,2.11E+00,4.37E-01,3.45E+00
1802,-112.502,6.66657,2.54E-02,2.36E+00,8.57E-01,3.09E+00
1803,-112.502,13.3332,2.70E-02,2.59E+00,8.96E-01,3.47E+00
1804,-118.751,6.66663,6.65E-03,3.39E+00,1.01E+00,4.03E+00
1805,-118.751,13.3333,7.13E-03,3.67E+00,1.14E+00,4.45E+00
1806,-106.253,6.66648,5.47E-02,1.47E+00,6.30E-01,2.29E+00
1807,-106.253,13.3332,5.78E-02,1.69E+00,5.99E-01,2.67E+00
1808,-118.75,-59.9999,1.00E-03,3.80E-01,1.10E+00,4.80E-01
1809,-112.5,-59.9999,4.53E-03,1.99E-01,9.01E-01,3.89E-01
1810,-106.25,-59.9998,1.13E-02,1.71E-01,7.48E-01,4.10E-01
1811,-118.75,-26.6667,3.64E-03,1.74E+00,1.27E-01,1.96E+00
1812,-112.501,-26.6667,1.45E-02,1.13E+00,1.52E-01,1.38E+00
1813,-106.251,-26.6668,3.26E-02,5.59E-01,1.91E-01,8.61E-01
1814,-118.751,-13.3333,4.89E-03,2.41E+00,4.65E-01,2.76E+00
1815,-112.501,-13.3334,1.91E-02,1.62E+00,5.12E-01,2.00E+00
1816,-106.252,-13.3335,4.21E-02,8.81E-01,4.73E-01,1.33E+00
1817,-112.501,-6.66671,2.13E-02,1.87E+00,6.62E-01,2.35E+00
1818,-118.751,-6.66666,5.51E-03,2.75E+00,6.70E-01,3.18E+00
1819,-106.252,-6.66683,4.67E-02,1.06E+00,5.67E-01,1.61E+00
1820,-112.501,-20,1.68E-02,1.37E+00,3.36E-01,1.68E+00
1821,-118.751,-20,4.26E-03,2.08E+00,2.49E-01,2.35E+00
1822,-106.252,-20.0001,3.74E-02,7.11E-01,3.44E-01,1.07E+00
1823,-118.75,-39.9999,2.48E-03,1.12E+00,4.53E-01,1.26E+00
1824,-112.501,-39.9999,1.01E-02,6.90E-01,2.80E-01,8.63E-01
1825,-106.251,-40,2.34E-02,3.30E-01,1.81E-01,5.68E-01
1826,-112.501,-33.3334,1.23E-02,9.03E-01,1.17E-01,1.10E+00
1827,-118.75,-33.3334,3.05E-03,1.42E+00,2.26E-01,1.60E+00
1828,-106.251,-33.3334,2.79E-02,4.29E-01,9.88E-02,6.92E-01
1829,-112.5,-53.3333,6.23E-03,3.32E-01,7.01E-01,5.02E-01
1830,-112.5,-46.6665,8.11E-03,4.98E-01,4.92E-01,6.61E-01
1831,-118.75,-53.3332,1.45E-03,5.92E-01,8.96E-01,6.94E-01
1832,-118.75,-46.6666,1.94E-03,8.41E-01,6.79E-01,9.57E-01
1833,-106.25,-53.3332,1.50E-02,2.10E-01,5.62E-01,4.38E-01
1834,-106.251,-46.6666,1.90E-02,2.60E-01,3.70E-01,4.86E-01
1835,-118.758,-93.2533,-1.69E-04,1.45E-01,1.74E+00,1.66E-01
1836,-112.5,-93.2328,-2.94E-04,1.07E-01,1.60E+00,1.73E-01
1837,-106.242,-93.253,1.13E-04,7.88E-02,1.42E+00,2.02E-01
1838,-118.75,-73.3332,3.01E-04,1.25E-01,1.45E+00,2.26E-01
1839,-112.5,-73.3331,1.78E-03,7.51E-02,1.26E+00,2.70E-01
1840,-106.25,-73.333,5.19E-03,1.34E-01,1.09E+00,3.58E-01
1841,-112.5,-66.6664,3.03E-03,1.12E-01,1.09E+00,3.16E-01
1842,-118.75,-66.6665,6.17E-04,2.17E-01,1.29E+00,3.21E-01
1843,-106.25,-66.6664,8.00E-03,1.47E-01,9.25E-01,3.87E-01
1844,-112.5,-86.6362,1.05E-04,8.73E-02,1.52E+00,2.05E-01
1845,-112.5,-79.9998,7.96E-04,7.38E-02,1.40E+00,2.37E-01
1846,-118.753,-86.6465,-9.49E-05,1.31E-01,1.69E+00,1.79E-01
1847,-118.75,-79.9999,6.15E-05,1.11E-01,1.59E+00,1.89E-01
1848,-106.247,-86.6463,1.22E-03,9.26E-02,1.34E+00,2.58E-01
1849,-106.25,-79.9997,2.91E-03,1.17E-01,1.23E+00,3.14E-01
1850,-118.741,-106.17,-1.21E-04,1.40E-01,1.70E+00,1.27E-01
1851,-112.5,-106.15,-3.67E-04,1.32E-01,1.60E+00,1.28E-01
1852,-106.259,-106.17,-5.40E-04,1.18E-01,1.52E+00,1.41E-01
1853,-112.5,-99.7287,-4.30E-04,1.25E-01,1.62E+00,1.48E-01
1854,-118.75,-99.7523,-1.70E-04,1.47E-01,1.75E+00,1.46E-01
1855,-106.25,-99.7521,-4.36E-04,9.19E-02,1.47E+00,1.62E-01
1856,-112.5,-118.75,-5.39E-05,1.23E-01,1.58E+00,1.08E-01
1857,-112.5,-112.47,-2.03E-04,1.25E-01,1.56E+00,1.09E-01
1858,-118.75,-118.75,-8.15E-06,1.05E-01,1.43E+00,9.57E-02
1859,-118.747,-112.48,-5.39E-05,1.23E-01,1.58E+00,1.08E-01
1860,-106.25,-118.75,-1.21E-04,1.40E-01,1.70E+00,1.27E-01
1861,-106.253,-112.48,-3.66E-04,1.33E-01,1.60E+00,1.27E-01
